event_date,section_num,period,day_type,angler_final,est_cg,estimate_category,management_week,mean,standard_error_mean,standard_deviation,quantile_lower_2_5,quantile_lower_25,quantile_median_50,quantile_upper_75,quantile_upper_97_5,n_eff,R_hat
2023-08-01,1,31,weekday,Bank,Chinook_Adult_AD|UM|UNK_Kept|Released,catch,31,1.13,0.09493763996571236,1.471026715593551,0,0,1,2,5,240.08457440340817,0.9934253318063518
2023-08-01,1,31,weekday,Boat,Chinook_Adult_AD|UM|UNK_Kept|Released,catch,31,2.29,0.3016240710684332,3.243222542828592,0,0,1,3,10.050000000000011,115.61694916621492,1.0328994158448803
2023-08-01,2,31,weekday,Bank,Chinook_Adult_AD|UM|UNK_Kept|Released,catch,31,0.36,0.17396907180177212,1.9075096237828315,0,0,0,0,3.0250000000000057,120.22350432560008,1.0008976594457986
2023-08-01,2,31,weekday,Boat,Chinook_Adult_AD|UM|UNK_Kept|Released,catch,31,3.85,0.4436311219120906,6.124955132642559,0,1,2,5,15.050000000000011,190.61708000287297,0.996848490047373
2023-08-02,1,31,weekday,Bank,Chinook_Adult_AD|UM|UNK_Kept|Released,catch,31,0.725,0.05567009106953544,1.0318422808076395,0,0,0,1,3,343.544322452288,0.990245496254664
2023-08-02,1,31,weekday,Boat,Chinook_Adult_AD|UM|UNK_Kept|Released,catch,31,1.565,0.1455158191440246,2.2227184677629945,0,0,1,2,7.025000000000006,233.31813647101131,1.002109951083236
2023-08-02,2,31,weekday,Bank,Chinook_Adult_AD|UM|UNK_Kept|Released,catch,31,0.28,0.08509280190452713,1.2243755458955128,0,0,0,0,3,207.03494036141268,0.9964518411453503
2023-08-02,2,31,weekday,Boat,Chinook_Adult_AD|UM|UNK_Kept|Released,catch,31,3.57,0.3872973495013683,5.452867946706679,0,0,1,4,20.100000000000023,198.22613402987724,0.995208402228533
2023-08-03,1,31,weekday,Bank,Chinook_Adult_AD|UM|UNK_Kept|Released,catch,31,0.83,0.08208263471427865,1.0895114390768903,0,0,1,1,4,176.1817877491546,1.0014244391965728
2023-08-03,1,31,weekday,Boat,Chinook_Adult_AD|UM|UNK_Kept|Released,catch,31,2.5,0.19646398855487468,3.174964883278278,0,0,1,3,11,261.1631744499332,1.0012904975850818
2023-08-03,2,31,weekday,Bank,Chinook_Adult_AD|UM|UNK_Kept|Released,catch,31,0.235,0.06617047251894936,0.7763948381613688,0,0,0,0,2,137.66920573598668,0.9962337200008566
2023-08-03,2,31,weekday,Boat,Chinook_Adult_AD|UM|UNK_Kept|Released,catch,31,4.7,0.402486703427638,5.884994972737507,0,1,3,6,21.075000000000017,213.7908516072583,0.9925918011505624
2023-08-04,1,31,weekday,Bank,Chinook_Adult_AD|UM|UNK_Kept|Released,catch,31,0.81,0.1003738181758605,1.1534958880807056,0,0,0,1,4,132.06605703973707,1.000581143182151
2023-08-04,1,31,weekday,Boat,Chinook_Adult_AD|UM|UNK_Kept|Released,catch,31,2.455,0.2322873460661608,3.6378765411491383,0,0,1,3,12.075000000000015,245.270213089022,0.9903844674350084
2023-08-04,2,31,weekday,Bank,Chinook_Adult_AD|UM|UNK_Kept|Released,catch,31,0.24,0.06173744962977966,0.6962931283611917,0,0,0,0,2.0250000000000057,127.19992308654231,1.004385862331792
2023-08-04,2,31,weekday,Boat,Chinook_Adult_AD|UM|UNK_Kept|Released,catch,31,3.995,0.4059019987698691,5.644846896277353,0,1,2,5.25,18.02500000000001,193.40244249360228,1.0011209579904907
2023-08-05,1,31,weekend,Bank,Chinook_Adult_AD|UM|UNK_Kept|Released,catch,31,2.405,0.19274716914122428,2.374693844324223,0,1,2,4,8,151.78862829143134,1.0121857562524006
2023-08-05,1,31,weekend,Boat,Chinook_Adult_AD|UM|UNK_Kept|Released,catch,31,4.035,0.3581810035283452,4.9554573743444434,0,1,2,6,16,191.40901650612227,0.9938346130435768
2023-08-05,2,31,weekend,Bank,Chinook_Adult_AD|UM|UNK_Kept|Released,catch,31,0.41,0.10502215478854662,1.075959312525829,0,0,0,0,4,104.96145641080696,1.0051333866154122
2023-08-05,2,31,weekend,Boat,Chinook_Adult_AD|UM|UNK_Kept|Released,catch,31,12.165,1.0273534810771596,15.732940030714229,0,3,7,13,67.05000000000001,234.52005149434245,0.9934326070817672
2023-08-06,1,31,weekend,Bank,Chinook_Adult_AD|UM|UNK_Kept|Released,catch,32,0,NA,0,0,0,0,0,0,NA,NA
2023-08-06,1,31,weekend,Boat,Chinook_Adult_AD|UM|UNK_Kept|Released,catch,32,0,NA,0,0,0,0,0,0,NA,NA
2023-08-06,2,31,weekend,Bank,Chinook_Adult_AD|UM|UNK_Kept|Released,catch,32,0,NA,0,0,0,0,0,0,NA,NA
2023-08-06,2,31,weekend,Boat,Chinook_Adult_AD|UM|UNK_Kept|Released,catch,32,0,NA,0,0,0,0,0,0,NA,NA
2023-08-07,1,32,weekday,Bank,Chinook_Adult_AD|UM|UNK_Kept|Released,catch,32,0,NA,0,0,0,0,0,0,NA,NA
2023-08-07,1,32,weekday,Boat,Chinook_Adult_AD|UM|UNK_Kept|Released,catch,32,0,NA,0,0,0,0,0,0,NA,NA
2023-08-07,2,32,weekday,Bank,Chinook_Adult_AD|UM|UNK_Kept|Released,catch,32,0,NA,0,0,0,0,0,0,NA,NA
2023-08-07,2,32,weekday,Boat,Chinook_Adult_AD|UM|UNK_Kept|Released,catch,32,0,NA,0,0,0,0,0,0,NA,NA
2023-08-08,1,32,weekday,Bank,Chinook_Adult_AD|UM|UNK_Kept|Released,catch,32,0,NA,0,0,0,0,0,0,NA,NA
2023-08-08,1,32,weekday,Boat,Chinook_Adult_AD|UM|UNK_Kept|Released,catch,32,0,NA,0,0,0,0,0,0,NA,NA
2023-08-08,2,32,weekday,Bank,Chinook_Adult_AD|UM|UNK_Kept|Released,catch,32,0,NA,0,0,0,0,0,0,NA,NA
2023-08-08,2,32,weekday,Boat,Chinook_Adult_AD|UM|UNK_Kept|Released,catch,32,0,NA,0,0,0,0,0,0,NA,NA
2023-08-09,1,32,weekday,Bank,Chinook_Adult_AD|UM|UNK_Kept|Released,catch,32,3.38,0.23706140128536096,3.2801519758884075,0,1,3,5,11,191.45479041523296,1.0088101218800034
2023-08-09,1,32,weekday,Boat,Chinook_Adult_AD|UM|UNK_Kept|Released,catch,32,2.645,0.23932191214711737,3.696932722918953,0,1,2,3,14.025000000000006,238.62622252225376,0.9924344195483148
2023-08-09,2,32,weekday,Bank,Chinook_Adult_AD|UM|UNK_Kept|Released,catch,32,0.125,0.03425297378384946,0.4801329380400337,0,0,0,0,1,196.4836587207421,0.994211710629151
2023-08-09,2,32,weekday,Boat,Chinook_Adult_AD|UM|UNK_Kept|Released,catch,32,2.955,0.3008284250790104,4.305305246591891,0,0,1,4,16,204.81896004024296,0.9931616787515376
2023-08-10,1,32,weekday,Bank,Chinook_Adult_AD|UM|UNK_Kept|Released,catch,32,2.73,0.11305514523100116,2.3949486204243216,0,1,2,4,9,448.75751778873774,0.993023464088348
2023-08-10,1,32,weekday,Boat,Chinook_Adult_AD|UM|UNK_Kept|Released,catch,32,1.985,0.19173836854459225,3.059670393126172,0,0,1,3,11,254.64270126922628,0.997393196754881
2023-08-10,2,32,weekday,Bank,Chinook_Adult_AD|UM|UNK_Kept|Released,catch,32,0.13,0.03882789664620337,0.5239010992630625,0,0,0,0,1,182.05847037267657,1.0089152951789455
2023-08-10,2,32,weekday,Boat,Chinook_Adult_AD|UM|UNK_Kept|Released,catch,32,2.29,0.22001567806158645,3.522490553357448,0,0,1,3,10.150000000000034,256.3258555943194,0.997213763736237
2023-08-11,1,32,weekday,Bank,Chinook_Adult_AD|UM|UNK_Kept|Released,catch,32,3.73,0.17567350375535956,2.8579607587390807,0,2,3,5,10,264.66712287799896,0.9944934329906022
2023-08-11,1,32,weekday,Boat,Chinook_Adult_AD|UM|UNK_Kept|Released,catch,32,1.68,0.1966017442546513,2.580872821859509,0,0,1,2,7.025000000000006,172.32904265126896,1.0107536384499105
2023-08-11,2,32,weekday,Bank,Chinook_Adult_AD|UM|UNK_Kept|Released,catch,32,0.15,0.03150336984447519,0.4675392655426072,0,0,0,0,1,220.253164556962,0.9926879483910774
2023-08-11,2,32,weekday,Boat,Chinook_Adult_AD|UM|UNK_Kept|Released,catch,32,2.23,0.3156081739847748,4.901758478434502,0,0,1,2,14.075000000000015,241.2166781003167,0.994773503593283
2023-08-12,1,32,weekend,Bank,Chinook_Adult_AD|UM|UNK_Kept|Released,catch,32,6.035,0.2631572234841197,4.371421005581618,1,3,5,8,17.025000000000006,275.9400117319843,0.9987135915283102
2023-08-12,1,32,weekend,Boat,Chinook_Adult_AD|UM|UNK_Kept|Released,catch,32,2.195,0.15644632340281872,2.627067264471982,0,0,1,3,9,281.97568658171264,0.9940873349948008
2023-08-12,2,32,weekend,Bank,Chinook_Adult_AD|UM|UNK_Kept|Released,catch,32,0.425,0.06854093738329542,0.8821940442205963,0,0,0,1,3,165.66400776647112,1.0054226185995758
2023-08-12,2,32,weekend,Boat,Chinook_Adult_AD|UM|UNK_Kept|Released,catch,32,5.05,0.5532357099069557,7.149340202188813,0,1,3,6,24.075000000000017,166.9980950649983,0.9920575105603984
2023-08-13,1,32,weekend,Bank,Chinook_Adult_AD|UM|UNK_Kept|Released,catch,33,0,NA,0,0,0,0,0,0,NA,NA
2023-08-13,1,32,weekend,Boat,Chinook_Adult_AD|UM|UNK_Kept|Released,catch,33,0,NA,0,0,0,0,0,0,NA,NA
2023-08-13,2,32,weekend,Bank,Chinook_Adult_AD|UM|UNK_Kept|Released,catch,33,0,NA,0,0,0,0,0,0,NA,NA
2023-08-13,2,32,weekend,Boat,Chinook_Adult_AD|UM|UNK_Kept|Released,catch,33,0,NA,0,0,0,0,0,0,NA,NA
2023-08-14,1,33,weekday,Bank,Chinook_Adult_AD|UM|UNK_Kept|Released,catch,33,0,NA,0,0,0,0,0,0,NA,NA
2023-08-14,1,33,weekday,Boat,Chinook_Adult_AD|UM|UNK_Kept|Released,catch,33,0,NA,0,0,0,0,0,0,NA,NA
2023-08-14,2,33,weekday,Bank,Chinook_Adult_AD|UM|UNK_Kept|Released,catch,33,0,NA,0,0,0,0,0,0,NA,NA
2023-08-14,2,33,weekday,Boat,Chinook_Adult_AD|UM|UNK_Kept|Released,catch,33,0,NA,0,0,0,0,0,0,NA,NA
2023-08-15,1,33,weekday,Bank,Chinook_Adult_AD|UM|UNK_Kept|Released,catch,33,0,NA,0,0,0,0,0,0,NA,NA
2023-08-15,1,33,weekday,Boat,Chinook_Adult_AD|UM|UNK_Kept|Released,catch,33,0,NA,0,0,0,0,0,0,NA,NA
2023-08-15,2,33,weekday,Bank,Chinook_Adult_AD|UM|UNK_Kept|Released,catch,33,0,NA,0,0,0,0,0,0,NA,NA
2023-08-15,2,33,weekday,Boat,Chinook_Adult_AD|UM|UNK_Kept|Released,catch,33,0,NA,0,0,0,0,0,0,NA,NA
2023-08-16,1,33,weekday,Bank,Chinook_Adult_AD|UM|UNK_Kept|Released,catch,33,5.92,0.2809044093443292,3.9051055358634232,0,3,5,8,15,193.26287583157895,1.0083545161796972
2023-08-16,1,33,weekday,Boat,Chinook_Adult_AD|UM|UNK_Kept|Released,catch,33,2.705,0.20724182271182268,3.4332068897371584,0,0,2,4,13,274.4385677817713,0.9962967728491272
2023-08-16,2,33,weekday,Bank,Chinook_Adult_AD|UM|UNK_Kept|Released,catch,33,0.19,0.04207292759977094,0.5963877865615618,0,0,0,0,2,200.93334582336257,1.0060596177408911
2023-08-16,2,33,weekday,Boat,Chinook_Adult_AD|UM|UNK_Kept|Released,catch,33,1.54,0.14829184831337125,2.1309869843896725,0,0,1,2,7,206.50331973787644,0.9947341551157338
2023-08-17,1,33,weekday,Bank,Chinook_Adult_AD|UM|UNK_Kept|Released,catch,33,8.475,0.382169610956663,5.44680764924182,1,5,7,12,22.02500000000001,203.12892817418944,0.9943346280728876
2023-08-17,1,33,weekday,Boat,Chinook_Adult_AD|UM|UNK_Kept|Released,catch,33,3.945,0.29634423128717924,4.355090015743203,0,1,2,5,16.025000000000006,215.97392284894855,0.998780033105622
2023-08-17,2,33,weekday,Bank,Chinook_Adult_AD|UM|UNK_Kept|Released,catch,33,0.2,0.04328633098309493,0.6340426249482414,0,0,0,0,2,214.55337908238883,1.0074126359283286
2023-08-17,2,33,weekday,Boat,Chinook_Adult_AD|UM|UNK_Kept|Released,catch,33,1.75,0.1754971493539251,2.8456967424075152,0,0,1,2,10,262.9281589409423,1.0009563102693424
2023-08-18,1,33,weekday,Bank,Chinook_Adult_AD|UM|UNK_Kept|Released,catch,33,14.795,0.5109944021394917,7.92825714180189,4,9,14,19,33.05000000000001,240.7260944014866,0.9969085321574658
2023-08-18,1,33,weekday,Boat,Chinook_Adult_AD|UM|UNK_Kept|Released,catch,33,5.435,0.3363727262499033,4.557370197337264,0,2,4.5,8,17.025000000000006,183.5638110454827,1.014487603745566
2023-08-18,2,33,weekday,Bank,Chinook_Adult_AD|UM|UNK_Kept|Released,catch,33,0.17,0.0388321927776851,0.46060916623543274,0,0,0,0,1.0250000000000057,140.69586134087862,0.9915151272404732
2023-08-18,2,33,weekday,Boat,Chinook_Adult_AD|UM|UNK_Kept|Released,catch,33,3.085,0.3030211601284442,4.624359252097777,0,1,2,4,13.025000000000006,232.8934198940051,1.000022300125623
2023-08-19,1,33,weekend,Bank,Chinook_Adult_AD|UM|UNK_Kept|Released,catch,33,24.22,0.8327064230969382,11.69166692037044,9,15,22,31,50,197.13740687407383,1.0059436524773682
2023-08-19,1,33,weekend,Boat,Chinook_Adult_AD|UM|UNK_Kept|Released,catch,33,11.61,0.6754412413371323,10.960775199082596,0.9750000000000004,5,9,14,44.05000000000001,263.33427673619605,0.9994100179204464
2023-08-19,2,33,weekend,Bank,Chinook_Adult_AD|UM|UNK_Kept|Released,catch,33,0.4,0.10620948054575843,1.2071811927630434,0,0,0,0,3.0250000000000057,129.18686282040449,1.0063294670149865
2023-08-19,2,33,weekend,Boat,Chinook_Adult_AD|UM|UNK_Kept|Released,catch,33,7.745,0.7775439493350744,10.76239381378581,0,2,4,8,41.12500000000003,191.58780722156416,1.007580976190558
2023-08-20,1,33,weekend,Bank,Chinook_Adult_AD|UM|UNK_Kept|Released,catch,34,0,NA,0,0,0,0,0,0,NA,NA
2023-08-20,1,33,weekend,Boat,Chinook_Adult_AD|UM|UNK_Kept|Released,catch,34,0,NA,0,0,0,0,0,0,NA,NA
2023-08-20,2,33,weekend,Bank,Chinook_Adult_AD|UM|UNK_Kept|Released,catch,34,0,NA,0,0,0,0,0,0,NA,NA
2023-08-20,2,33,weekend,Boat,Chinook_Adult_AD|UM|UNK_Kept|Released,catch,34,0,NA,0,0,0,0,0,0,NA,NA
2023-08-21,1,34,weekday,Bank,Chinook_Adult_AD|UM|UNK_Kept|Released,catch,34,0,NA,0,0,0,0,0,0,NA,NA
2023-08-21,1,34,weekday,Boat,Chinook_Adult_AD|UM|UNK_Kept|Released,catch,34,0,NA,0,0,0,0,0,0,NA,NA
2023-08-21,2,34,weekday,Bank,Chinook_Adult_AD|UM|UNK_Kept|Released,catch,34,0,NA,0,0,0,0,0,0,NA,NA
2023-08-21,2,34,weekday,Boat,Chinook_Adult_AD|UM|UNK_Kept|Released,catch,34,0,NA,0,0,0,0,0,0,NA,NA
2023-08-22,1,34,weekday,Bank,Chinook_Adult_AD|UM|UNK_Kept|Released,catch,34,0,NA,0,0,0,0,0,0,NA,NA
2023-08-22,1,34,weekday,Boat,Chinook_Adult_AD|UM|UNK_Kept|Released,catch,34,0,NA,0,0,0,0,0,0,NA,NA
2023-08-22,2,34,weekday,Bank,Chinook_Adult_AD|UM|UNK_Kept|Released,catch,34,0,NA,0,0,0,0,0,0,NA,NA
2023-08-22,2,34,weekday,Boat,Chinook_Adult_AD|UM|UNK_Kept|Released,catch,34,0,NA,0,0,0,0,0,0,NA,NA
2023-08-23,1,34,weekday,Bank,Chinook_Adult_AD|UM|UNK_Kept|Released,catch,34,59.34,1.3128912908392836,22.198383752112004,26.925,43,55,73,112.12500000000004,285.88092264290407,1.0120422606441783
2023-08-23,1,34,weekday,Boat,Chinook_Adult_AD|UM|UNK_Kept|Released,catch,34,5.705,0.6107137364928406,7.780143195385514,0,1,3,7,29,162.29300577188488,1.0056965559874962
2023-08-23,2,34,weekday,Bank,Chinook_Adult_AD|UM|UNK_Kept|Released,catch,34,0.23,0.06344336893123075,0.8894128829637614,0,0,0,0,1.0250000000000057,196.53249089287604,1.0015719048041738
2023-08-23,2,34,weekday,Boat,Chinook_Adult_AD|UM|UNK_Kept|Released,catch,34,4.18,0.5174369380783042,8.120177734025333,0,1,2,5,19.02500000000001,246.2726670695564,1.004657007217984
2023-08-24,1,34,weekday,Bank,Chinook_Adult_AD|UM|UNK_Kept|Released,catch,34,41.485,1.0239722220583058,16.86272613379333,15.975,29,38,50,79.10000000000002,271.1934666062249,0.9919082702629864
2023-08-24,1,34,weekday,Boat,Chinook_Adult_AD|UM|UNK_Kept|Released,catch,34,6.12,0.5862006670810932,7.852637747788315,0,1.75,4,8,25.05000000000001,179.447953604461,1.0128229294038018
2023-08-24,2,34,weekday,Bank,Chinook_Adult_AD|UM|UNK_Kept|Released,catch,34,0.205,0.05973620669983218,0.8927260492418572,0,0,0,0,1.0250000000000057,223.3372337670975,1.0059128468136531
2023-08-24,2,34,weekday,Boat,Chinook_Adult_AD|UM|UNK_Kept|Released,catch,34,3.055,0.476990907447134,5.7852676349534775,0,0,1,4,14.250000000000057,147.10475423342243,1.0005065602516898
2023-08-25,1,34,weekday,Bank,Chinook_Adult_AD|UM|UNK_Kept|Released,catch,34,75.05,2.05400673771228,25.798163231723557,34.975,55.75,71,91.25,135.20000000000005,157.75162619773147,0.9962178501128018
2023-08-25,1,34,weekday,Boat,Chinook_Adult_AD|UM|UNK_Kept|Released,catch,34,7.88,0.7703211710003885,9.594575519374732,0,2,5,10,34.07500000000002,155.1343117657514,0.9955914952380086
2023-08-25,2,34,weekday,Bank,Chinook_Adult_AD|UM|UNK_Kept|Released,catch,34,0.355,0.13759485263231866,1.8318716573068707,0,0,0,0,2,177.2497828385856,1.0033065767917526
2023-08-25,2,34,weekday,Boat,Chinook_Adult_AD|UM|UNK_Kept|Released,catch,34,4.6,0.5841765679291837,8.475800609965969,0,1,2,5,24.05000000000001,210.51022591814208,0.9952459999020208
2023-08-26,1,34,weekend,Bank,Chinook_Adult_AD|UM|UNK_Kept|Released,catch,34,80.33,1.930289217266376,29.762394065372373,37.95,61,75,94,159.05,237.73381289811903,1.004873884752988
2023-08-26,1,34,weekend,Boat,Chinook_Adult_AD|UM|UNK_Kept|Released,catch,34,15.135,1.8881462514623537,18.13979148656013,1,5,10,18,55.25000000000006,92.29821876898642,1.0070550948284442
2023-08-26,2,34,weekend,Bank,Chinook_Adult_AD|UM|UNK_Kept|Released,catch,34,0.755,0.2513463132319786,2.9747640419918415,0,0,0,1,3.0500000000000114,140.07479894404733,1.009930289773768
2023-08-26,2,34,weekend,Boat,Chinook_Adult_AD|UM|UNK_Kept|Released,catch,34,9.285,1.569213735468192,15.183758017621608,0,2,4,11.25,50.57500000000013,93.62554221617374,1.011414358037587
2023-08-27,1,34,weekend,Bank,Chinook_Adult_AD|UM|UNK_Kept|Released,catch,35,0,NA,0,0,0,0,0,0,NA,NA
2023-08-27,1,34,weekend,Boat,Chinook_Adult_AD|UM|UNK_Kept|Released,catch,35,0,NA,0,0,0,0,0,0,NA,NA
2023-08-27,2,34,weekend,Bank,Chinook_Adult_AD|UM|UNK_Kept|Released,catch,35,0,NA,0,0,0,0,0,0,NA,NA
2023-08-27,2,34,weekend,Boat,Chinook_Adult_AD|UM|UNK_Kept|Released,catch,35,0,NA,0,0,0,0,0,0,NA,NA
2023-08-28,1,35,weekday,Bank,Chinook_Adult_AD|UM|UNK_Kept|Released,catch,35,0,NA,0,0,0,0,0,0,NA,NA
2023-08-28,1,35,weekday,Boat,Chinook_Adult_AD|UM|UNK_Kept|Released,catch,35,0,NA,0,0,0,0,0,0,NA,NA
2023-08-28,2,35,weekday,Bank,Chinook_Adult_AD|UM|UNK_Kept|Released,catch,35,0,NA,0,0,0,0,0,0,NA,NA
2023-08-28,2,35,weekday,Boat,Chinook_Adult_AD|UM|UNK_Kept|Released,catch,35,0,NA,0,0,0,0,0,0,NA,NA
2023-08-29,1,35,weekday,Bank,Chinook_Adult_AD|UM|UNK_Kept|Released,catch,35,0,NA,0,0,0,0,0,0,NA,NA
2023-08-29,1,35,weekday,Boat,Chinook_Adult_AD|UM|UNK_Kept|Released,catch,35,0,NA,0,0,0,0,0,0,NA,NA
2023-08-29,2,35,weekday,Bank,Chinook_Adult_AD|UM|UNK_Kept|Released,catch,35,0,NA,0,0,0,0,0,0,NA,NA
2023-08-29,2,35,weekday,Boat,Chinook_Adult_AD|UM|UNK_Kept|Released,catch,35,0,NA,0,0,0,0,0,0,NA,NA
2023-08-30,1,35,weekday,Bank,Chinook_Adult_AD|UM|UNK_Kept|Released,catch,35,68.285,1.5050501136751335,25.382773705901904,28.975,51,65,81,131.025,284.4305454342695,0.995428011282574
2023-08-30,1,35,weekday,Boat,Chinook_Adult_AD|UM|UNK_Kept|Released,catch,35,9.72,0.792205604819443,10.824390845952008,0,3,6,12,34.22500000000005,186.69432177530103,0.9919518643336016
2023-08-30,2,35,weekday,Bank,Chinook_Adult_AD|UM|UNK_Kept|Released,catch,35,0.25,0.04422194552231408,0.6554755839892361,0,0,0,0,2,219.7036883547451,0.9941353452854208
2023-08-30,2,35,weekday,Boat,Chinook_Adult_AD|UM|UNK_Kept|Released,catch,35,3.895,0.4885066493329598,5.9473379881867015,0,1,2,5,17.025000000000006,148.21913739078818,1.0347117013783187
2023-08-31,1,35,weekday,Bank,Chinook_Adult_AD|UM|UNK_Kept|Released,catch,35,0,NA,0,0,0,0,0,0,NA,NA
2023-08-31,1,35,weekday,Boat,Chinook_Adult_AD|UM|UNK_Kept|Released,catch,35,0,NA,0,0,0,0,0,0,NA,NA
2023-08-31,2,35,weekday,Bank,Chinook_Adult_AD|UM|UNK_Kept|Released,catch,35,0,NA,0,0,0,0,0,0,NA,NA
2023-08-31,2,35,weekday,Boat,Chinook_Adult_AD|UM|UNK_Kept|Released,catch,35,0,NA,0,0,0,0,0,0,NA,NA
2023-09-01,1,35,weekday,Bank,Chinook_Adult_AD|UM|UNK_Kept|Released,catch,35,75.2,1.5961483684102942,27.73927426381983,33,55,70,91,140.10000000000002,302.0255420681739,0.9980837471846888
2023-09-01,1,35,weekday,Boat,Chinook_Adult_AD|UM|UNK_Kept|Released,catch,35,12.415,0.8355210318370744,10.911373209941688,0.9750000000000004,5,9.5,16.25,40.025000000000006,170.5469857564005,0.9998124461930636
2023-09-01,2,35,weekday,Bank,Chinook_Adult_AD|UM|UNK_Kept|Released,catch,35,0.47,0.09405213901110791,1.3632285060836262,0,0,0,0,4,210.08737935928693,1.009495962694586
2023-09-01,2,35,weekday,Boat,Chinook_Adult_AD|UM|UNK_Kept|Released,catch,35,9.25,0.9124899330147758,10.468785860210089,0,2,5.5,13,37.07500000000002,131.62441957299797,1.0124245168738448
2023-09-02,1,35,weekend,Bank,Chinook_Adult_AD|UM|UNK_Kept|Released,catch,35,112.005,2.218858585516058,35.02525972916514,52.974999999999994,87.5,107.5,136,184.075,249.17443402969377,0.9970167006476668
2023-09-02,1,35,weekend,Boat,Chinook_Adult_AD|UM|UNK_Kept|Released,catch,35,11.77,0.6514834382869183,9.436223373669623,1,5,9.5,15,33.025000000000006,209.79235897776593,0.9918040579304734
2023-09-02,2,35,weekend,Bank,Chinook_Adult_AD|UM|UNK_Kept|Released,catch,35,0.56,0.15976843602704024,1.950750403223947,0,0,0,0,3.075000000000017,149.08070673160773,1.0066826189365992
2023-09-02,2,35,weekend,Boat,Chinook_Adult_AD|UM|UNK_Kept|Released,catch,35,9.545,0.7831799312485629,11.141302351630722,0,2,5,12,41.07500000000002,202.37125265366683,1.0053119559107808
2023-09-03,1,35,weekend,Bank,Chinook_Adult_AD|UM|UNK_Kept|Released,catch,36,0,NA,0,0,0,0,0,0,NA,NA
2023-09-03,1,35,weekend,Boat,Chinook_Adult_AD|UM|UNK_Kept|Released,catch,36,0,NA,0,0,0,0,0,0,NA,NA
2023-09-03,2,35,weekend,Bank,Chinook_Adult_AD|UM|UNK_Kept|Released,catch,36,0,NA,0,0,0,0,0,0,NA,NA
2023-09-03,2,35,weekend,Boat,Chinook_Adult_AD|UM|UNK_Kept|Released,catch,36,0,NA,0,0,0,0,0,0,NA,NA
2023-09-04,1,36,weekday,Bank,Chinook_Adult_AD|UM|UNK_Kept|Released,catch,36,0,NA,0,0,0,0,0,0,NA,NA
2023-09-04,1,36,weekday,Boat,Chinook_Adult_AD|UM|UNK_Kept|Released,catch,36,0,NA,0,0,0,0,0,0,NA,NA
2023-09-04,2,36,weekday,Bank,Chinook_Adult_AD|UM|UNK_Kept|Released,catch,36,0,NA,0,0,0,0,0,0,NA,NA
2023-09-04,2,36,weekday,Boat,Chinook_Adult_AD|UM|UNK_Kept|Released,catch,36,0,NA,0,0,0,0,0,0,NA,NA
2023-09-05,1,36,weekday,Bank,Chinook_Adult_AD|UM|UNK_Kept|Released,catch,36,101.69,6.451420871883458,96.08300379406576,10,46.75,76,113.25,336.8750000000004,221.8106495531128,0.9997467751144128
2023-09-05,1,36,weekday,Boat,Chinook_Adult_AD|UM|UNK_Kept|Released,catch,36,10.58,0.8224517166536984,13.273073207129126,0,3,7,13,39,260.4486775673609,0.9966471922228712
2023-09-05,2,36,weekday,Bank,Chinook_Adult_AD|UM|UNK_Kept|Released,catch,36,0.375,0.07130557629667908,0.9102294150046452,0,0,0,0,3.0250000000000057,162.95014215932798,0.9971059696618692
2023-09-05,2,36,weekday,Boat,Chinook_Adult_AD|UM|UNK_Kept|Released,catch,36,14.59,1.924507737302271,23.08106535429955,0,3,8,16,66.15000000000003,143.83758358186032,1.014927229580125
2023-09-06,1,36,weekday,Bank,Chinook_Adult_AD|UM|UNK_Kept|Released,catch,36,106.245,5.4774448301704775,82.50253521306429,19.925,48.75,85.5,138.25,364.0750000000001,226.8707801005195,1.0044097704850723
2023-09-06,1,36,weekday,Boat,Chinook_Adult_AD|UM|UNK_Kept|Released,catch,36,11.265,0.8107825459773482,12.796622316594634,0,3,7.5,15,48.12500000000003,249.1047005631276,0.9917222234452976
2023-09-06,2,36,weekday,Bank,Chinook_Adult_AD|UM|UNK_Kept|Released,catch,36,0.525,0.0853636096571603,1.102475515059873,0,0,0,1,4.025000000000006,166.79858554038412,1.0104922203377835
2023-09-06,2,36,weekday,Boat,Chinook_Adult_AD|UM|UNK_Kept|Released,catch,36,18.63,2.581811719290154,29.811857274763245,0,4,10,22.25,92.20000000000005,133.3303229685486,1.002472898316566
2023-09-07,1,36,weekday,Bank,Chinook_Adult_AD|UM|UNK_Kept|Released,catch,36,109.595,1.6888376166884638,34.15381958082872,59.95,86.75,104,130,188.1,408.9806608061213,0.9945239758990312
2023-09-07,1,36,weekday,Boat,Chinook_Adult_AD|UM|UNK_Kept|Released,catch,36,13.685,1.4093790520680485,17.14542513369311,0,5,9,15,73,147.99290395639142,0.998821093160365
2023-09-07,2,36,weekday,Bank,Chinook_Adult_AD|UM|UNK_Kept|Released,catch,36,0.45,0.08299024508939226,1.172336069263623,0,0,0,0,4,199.54927761333997,1.0093886574790651
2023-09-07,2,36,weekday,Boat,Chinook_Adult_AD|UM|UNK_Kept|Released,catch,36,21.27,1.6669020965000227,24.79112947210176,0,6,12,26.5,99.40000000000008,221.19354109703025,1.0034335333383255
2023-09-08,1,36,weekday,Bank,Chinook_Adult_AD|UM|UNK_Kept|Released,catch,36,108.86,1.6115056207656218,30.634174761474853,54.975,86.75,107.5,128.25,183.025,361.3671927234681,0.9909520201994504
2023-09-08,1,36,weekday,Boat,Chinook_Adult_AD|UM|UNK_Kept|Released,catch,36,13.285,1.3476927694537284,19.238878533744657,0,5,8,16.25,47.150000000000034,203.7875784423464,0.9989237950925608
2023-09-08,2,36,weekday,Bank,Chinook_Adult_AD|UM|UNK_Kept|Released,catch,36,0.405,0.08959527734669792,1.1212766413925972,0,0,0,0,3,156.62291894194843,1.0057485202374823
2023-09-08,2,36,weekday,Boat,Chinook_Adult_AD|UM|UNK_Kept|Released,catch,36,18.805,1.3196693933230872,19.99213350320696,2,7,12,23.25,70.55000000000013,229.502804951096,1.0080783459461615
2023-09-09,1,36,weekend,Bank,Chinook_Adult_AD|UM|UNK_Kept|Released,catch,36,144.1,4.088711731173032,52.90334412015442,70.95,107.75,139,171,283.075,167.4145756287947,0.9929847311144562
2023-09-09,1,36,weekend,Boat,Chinook_Adult_AD|UM|UNK_Kept|Released,catch,36,15.95,0.9301426452395616,15.537198029666268,0.9750000000000004,6,11,20,56.17500000000004,279.0270383178266,0.9934095168784052
2023-09-09,2,36,weekend,Bank,Chinook_Adult_AD|UM|UNK_Kept|Released,catch,36,0.835,0.18377206414835184,2.5633236511809265,0,0,0,1,6.025000000000006,194.55746660436697,1.00400437734602
2023-09-09,2,36,weekend,Boat,Chinook_Adult_AD|UM|UNK_Kept|Released,catch,36,34.505,2.2227476804079194,31.97643565480571,4.9750000000000005,14,24,43,131.10000000000002,206.95683451237576,1.0076017510630653
2023-09-10,1,36,weekend,Bank,Chinook_Adult_AD|UM|UNK_Kept|Released,catch,37,0,NA,0,0,0,0,0,0,NA,NA
2023-09-10,1,36,weekend,Boat,Chinook_Adult_AD|UM|UNK_Kept|Released,catch,37,0,NA,0,0,0,0,0,0,NA,NA
2023-09-10,2,36,weekend,Bank,Chinook_Adult_AD|UM|UNK_Kept|Released,catch,37,0,NA,0,0,0,0,0,0,NA,NA
2023-09-10,2,36,weekend,Boat,Chinook_Adult_AD|UM|UNK_Kept|Released,catch,37,0,NA,0,0,0,0,0,0,NA,NA
2023-09-11,1,37,weekday,Bank,Chinook_Adult_AD|UM|UNK_Kept|Released,catch,37,0,NA,0,0,0,0,0,0,NA,NA
2023-09-11,1,37,weekday,Boat,Chinook_Adult_AD|UM|UNK_Kept|Released,catch,37,0,NA,0,0,0,0,0,0,NA,NA
2023-09-11,2,37,weekday,Bank,Chinook_Adult_AD|UM|UNK_Kept|Released,catch,37,0,NA,0,0,0,0,0,0,NA,NA
2023-09-11,2,37,weekday,Boat,Chinook_Adult_AD|UM|UNK_Kept|Released,catch,37,0,NA,0,0,0,0,0,0,NA,NA
2023-09-12,1,37,weekday,Bank,Chinook_Adult_AD|UM|UNK_Kept|Released,catch,37,209.225,4.870484758173104,67.54506684633884,100,162.5,200,253,364.3250000000001,192.32816784898515,0.9953756268697068
2023-09-12,1,37,weekday,Boat,Chinook_Adult_AD|UM|UNK_Kept|Released,catch,37,8.14,0.5920024271286656,9.23345457654314,0,2,6,10,24.100000000000023,243.2660254323612,1.0026009374284404
2023-09-12,2,37,weekday,Bank,Chinook_Adult_AD|UM|UNK_Kept|Released,catch,37,0.25,0.04948386859914888,0.6999641053252078,0,0,0,0,3,200.08947711809117,0.9944372333069572
2023-09-12,2,37,weekday,Boat,Chinook_Adult_AD|UM|UNK_Kept|Released,catch,37,13.925,1.2025889928765658,16.349492485169474,0,3.75,8,18.25,65.025,184.83069775016327,0.9944158673782376
2023-09-13,1,37,weekday,Bank,Chinook_Adult_AD|UM|UNK_Kept|Released,catch,37,160.995,6.334733080557601,89.33374257700206,52,96,140,204.25,352.72500000000014,198.87235529465912,1.002711656784688
2023-09-13,1,37,weekday,Boat,Chinook_Adult_AD|UM|UNK_Kept|Released,catch,37,7.72,0.979977859427612,15.548969491940824,0,2,4,9,24.02500000000001,251.75070490537303,1.0007700597644182
2023-09-13,2,37,weekday,Bank,Chinook_Adult_AD|UM|UNK_Kept|Released,catch,37,0.25,0.0544614508554064,0.8190569402408991,0,0,0,0,2,226.1776959951177,0.9990295007140086
2023-09-13,2,37,weekday,Boat,Chinook_Adult_AD|UM|UNK_Kept|Released,catch,37,11.84,0.802673865563063,11.56690826600483,0,4,8,16,42.025000000000006,207.6616673988612,1.001759116228331
2023-09-14,1,37,weekday,Bank,Chinook_Adult_AD|UM|UNK_Kept|Released,catch,37,103.92,1.5931996457601247,28.53990594160707,63.95,84,97,118.25,170.17500000000004,320.89627266284464,0.9931022866466918
2023-09-14,1,37,weekday,Boat,Chinook_Adult_AD|UM|UNK_Kept|Released,catch,37,6.835,0.8791775372380242,13.737955894557386,0,2,4,8,32.05000000000001,244.16930588624345,0.9933266636830376
2023-09-14,2,37,weekday,Bank,Chinook_Adult_AD|UM|UNK_Kept|Released,catch,37,0.225,0.05867022635700536,0.8707271841086212,0,0,0,0,2,220.25647229615305,0.9944093914545808
2023-09-14,2,37,weekday,Boat,Chinook_Adult_AD|UM|UNK_Kept|Released,catch,37,10.84,0.8500815701861743,10.84400119001493,0,4,8,14,43.025000000000006,162.72636065481757,0.9949963205955156
2023-09-15,1,37,weekday,Bank,Chinook_Adult_AD|UM|UNK_Kept|Released,catch,37,61.78,1.46981611596159,21.07587632375153,29.975,49.75,58,73,112.025,205.61049230201533,0.9966227097103746
2023-09-15,1,37,weekday,Boat,Chinook_Adult_AD|UM|UNK_Kept|Released,catch,37,5.78,0.5769483495376416,8.46284222306326,0,1.75,4,7,28.02500000000001,215.15855442230233,0.9934272114732722
2023-09-15,2,37,weekday,Bank,Chinook_Adult_AD|UM|UNK_Kept|Released,catch,37,0.245,0.05499074200799409,0.7194183859690769,0,0,0,0,2,171.15275960251185,1.0099220921665266
2023-09-15,2,37,weekday,Boat,Chinook_Adult_AD|UM|UNK_Kept|Released,catch,37,18.325,1.2180148922491243,16.144740263966924,2,8,14,22,67,175.69399915985193,1.0004273247145203
2023-09-16,1,37,weekend,Bank,Chinook_Adult_AD|UM|UNK_Kept|Released,catch,37,84.41,1.6751910588789645,25.239195409612865,42.95,68,82,99,142,226.99815089236975,0.9928950344957204
2023-09-16,1,37,weekend,Boat,Chinook_Adult_AD|UM|UNK_Kept|Released,catch,37,10.025,0.7611102394003308,11.92962508940953,1,4,7,12,31.05000000000001,245.67358393396577,0.9964869311125512
2023-09-16,2,37,weekend,Bank,Chinook_Adult_AD|UM|UNK_Kept|Released,catch,37,0.545,0.09754571330504376,1.2830456071982608,0,0,0,1,4.025000000000006,173.00864727786427,1.0036240553198914
2023-09-16,2,37,weekend,Boat,Chinook_Adult_AD|UM|UNK_Kept|Released,catch,37,31.575,2.3285504648942186,27.445777974821848,4,15,23.5,38,100.07500000000002,138.9248007242563,1.0063964824361706
2023-09-17,1,37,weekend,Bank,Chinook_Adult_AD|UM|UNK_Kept|Released,catch,38,0,NA,0,0,0,0,0,0,NA,NA
2023-09-17,1,37,weekend,Boat,Chinook_Adult_AD|UM|UNK_Kept|Released,catch,38,0,NA,0,0,0,0,0,0,NA,NA
2023-09-17,2,37,weekend,Bank,Chinook_Adult_AD|UM|UNK_Kept|Released,catch,38,0,NA,0,0,0,0,0,0,NA,NA
2023-09-17,2,37,weekend,Boat,Chinook_Adult_AD|UM|UNK_Kept|Released,catch,38,0,NA,0,0,0,0,0,0,NA,NA
2023-09-18,1,38,weekday,Bank,Chinook_Adult_AD|UM|UNK_Kept|Released,catch,38,0,NA,0,0,0,0,0,0,NA,NA
2023-09-18,1,38,weekday,Boat,Chinook_Adult_AD|UM|UNK_Kept|Released,catch,38,0,NA,0,0,0,0,0,0,NA,NA
2023-09-18,2,38,weekday,Bank,Chinook_Adult_AD|UM|UNK_Kept|Released,catch,38,0,NA,0,0,0,0,0,0,NA,NA
2023-09-18,2,38,weekday,Boat,Chinook_Adult_AD|UM|UNK_Kept|Released,catch,38,0,NA,0,0,0,0,0,0,NA,NA
2023-09-19,1,38,weekday,Bank,Chinook_Adult_AD|UM|UNK_Kept|Released,catch,38,75.72,1.5943027093986863,30.54877638619045,33,55,70,90,147.12500000000003,367.1521457654952,1.004865277134588
2023-09-19,1,38,weekday,Boat,Chinook_Adult_AD|UM|UNK_Kept|Released,catch,38,6.585,0.6583279681514312,10.163624912243856,0,1,3.5,8,33.025000000000006,238.3486225249393,0.9962672540123506
2023-09-19,2,38,weekday,Bank,Chinook_Adult_AD|UM|UNK_Kept|Released,catch,38,0.225,0.04734636886985414,0.7119758055851992,0,0,0,0,2,226.12944492873393,0.9900476396479898
2023-09-19,2,38,weekday,Boat,Chinook_Adult_AD|UM|UNK_Kept|Released,catch,38,15.455,1.1330088974222603,18.19901082407707,1,5.75,10,19,54.07500000000002,258.0054773094085,1.002769143692453
2023-09-20,1,38,weekday,Bank,Chinook_Adult_AD|UM|UNK_Kept|Released,catch,38,74.095,2.530467769323157,42.29218746533472,19.925,46,64,95.5,179.30000000000007,279.3307047555186,0.993842886382001
2023-09-20,1,38,weekday,Boat,Chinook_Adult_AD|UM|UNK_Kept|Released,catch,38,8.41,0.9976099542686122,15.205853805352357,0,2,4,7.25,45,232.32720812685457,1.0001101712530165
2023-09-20,2,38,weekday,Bank,Chinook_Adult_AD|UM|UNK_Kept|Released,catch,38,0.375,0.07087505778460082,1.0487489555939002,0,0,0,0,3.0250000000000057,218.9556874965612,1.0055554048007451
2023-09-20,2,38,weekday,Boat,Chinook_Adult_AD|UM|UNK_Kept|Released,catch,38,15.44,1.6650882889545928,20.248367388743905,0,4,10,18,76,147.8786549086698,0.9974191635126368
2023-09-21,1,38,weekday,Bank,Chinook_Adult_AD|UM|UNK_Kept|Released,catch,38,60.07,1.2384854161145855,20.171254236844995,29.95,44,58.5,71,105.025,265.26748062236777,0.9964284149681626
2023-09-21,1,38,weekday,Boat,Chinook_Adult_AD|UM|UNK_Kept|Released,catch,38,7.535,1.119339084156428,15.846270743692727,0,2,4,8,34.05000000000001,200.41526947010016,0.9999075787911113
2023-09-21,2,38,weekday,Bank,Chinook_Adult_AD|UM|UNK_Kept|Released,catch,38,0.24,0.05132736971839503,0.6592214076633192,0,0,0,0,2,164.95465883714996,0.9939338266116882
2023-09-21,2,38,weekday,Boat,Chinook_Adult_AD|UM|UNK_Kept|Released,catch,38,13.11,1.7173814185476168,16.170197165832874,0.9750000000000004,4,7.5,18,51.05000000000001,88.65375013257055,1.0079845540565862
2023-09-22,1,38,weekday,Bank,Chinook_Adult_AD|UM|UNK_Kept|Released,catch,38,45.125,0.9939815096705856,16.42401033785261,19.975,32.75,42,54,82.07500000000002,273.0246180655517,0.9915021990465726
2023-09-22,1,38,weekday,Boat,Chinook_Adult_AD|UM|UNK_Kept|Released,catch,38,8.655,1.4397746924689083,19.683576680948356,0,2,4,9,39.10000000000002,186.90415745561197,1.004929722224312
2023-09-22,2,38,weekday,Bank,Chinook_Adult_AD|UM|UNK_Kept|Released,catch,38,0.26,0.04998499745172127,0.6199367774541216,0,0,0,0,2,153.8209376092024,1.006443938454158
2023-09-22,2,38,weekday,Boat,Chinook_Adult_AD|UM|UNK_Kept|Released,catch,38,17.89,2.1094325365091,23.06442582622571,1,5,11,21,74.15000000000003,119.55122055157692,1.0045265973278614
2023-09-23,1,38,weekend,Bank,Chinook_Adult_AD|UM|UNK_Kept|Released,catch,38,51.085,1.2953175631982063,17.82910992741982,24,37,49,63,93.12500000000004,189.4553252558019,0.998880200782892
2023-09-23,1,38,weekend,Boat,Chinook_Adult_AD|UM|UNK_Kept|Released,catch,38,14.03,1.588043183407149,20.13045643749564,0,4,7.5,15.25,68.05000000000001,160.6876977536141,1.0010905282868188
2023-09-23,2,38,weekend,Bank,Chinook_Adult_AD|UM|UNK_Kept|Released,catch,38,0.5,0.10497385492935744,1.2877466588139268,0,0,0,0,3,150.48685689023154,0.992998709017166
2023-09-23,2,38,weekend,Boat,Chinook_Adult_AD|UM|UNK_Kept|Released,catch,38,31.39,3.279711977967768,41.25137914551507,2,10,21,36.5,109.20000000000005,158.1996555801452,1.0028849212974955
2023-09-24,1,38,weekend,Bank,Chinook_Adult_AD|UM|UNK_Kept|Released,catch,39,0,NA,0,0,0,0,0,0,NA,NA
2023-09-24,1,38,weekend,Boat,Chinook_Adult_AD|UM|UNK_Kept|Released,catch,39,0,NA,0,0,0,0,0,0,NA,NA
2023-09-24,2,38,weekend,Bank,Chinook_Adult_AD|UM|UNK_Kept|Released,catch,39,0,NA,0,0,0,0,0,0,NA,NA
2023-09-24,2,38,weekend,Boat,Chinook_Adult_AD|UM|UNK_Kept|Released,catch,39,0,NA,0,0,0,0,0,0,NA,NA
2023-09-25,1,39,weekday,Bank,Chinook_Adult_AD|UM|UNK_Kept|Released,catch,39,0,NA,0,0,0,0,0,0,NA,NA
2023-09-25,1,39,weekday,Boat,Chinook_Adult_AD|UM|UNK_Kept|Released,catch,39,0,NA,0,0,0,0,0,0,NA,NA
2023-09-25,2,39,weekday,Bank,Chinook_Adult_AD|UM|UNK_Kept|Released,catch,39,0,NA,0,0,0,0,0,0,NA,NA
2023-09-25,2,39,weekday,Boat,Chinook_Adult_AD|UM|UNK_Kept|Released,catch,39,0,NA,0,0,0,0,0,0,NA,NA
2023-09-26,1,39,weekday,Bank,Chinook_Adult_AD|UM|UNK_Kept|Released,catch,39,29.915,0.7772350232683078,12.294451704470918,13.975,20.75,28,36.25,56.025000000000006,250.2151524502864,0.9935630059305958
2023-09-26,1,39,weekday,Boat,Chinook_Adult_AD|UM|UNK_Kept|Released,catch,39,3.275,0.2941306457986794,3.688822584552083,0,1,2,4,14.025000000000006,157.28778021788588,0.9921221535631182
2023-09-26,2,39,weekday,Bank,Chinook_Adult_AD|UM|UNK_Kept|Released,catch,39,0.145,0.03336654628774706,0.4415311413068376,0,0,0,0,1.0250000000000057,175.10565346099222,1.006819686183437
2023-09-26,2,39,weekday,Boat,Chinook_Adult_AD|UM|UNK_Kept|Released,catch,39,9.6,0.6967506722409359,10.254549180459977,0,3,7,12.25,38,216.60992489206328,1.0017620759237067
2023-09-27,1,39,weekday,Bank,Chinook_Adult_AD|UM|UNK_Kept|Released,catch,39,24.475,0.9796899678041948,14.078365561542366,5.9750000000000005,15,22,31.25,58.12500000000003,206.50337517411953,1.0042062638814524
2023-09-27,1,39,weekday,Boat,Chinook_Adult_AD|UM|UNK_Kept|Released,catch,39,2.76,0.27786571626610496,3.23957935106694,0,1,2,3.25,13,135.92749477580202,0.9917603397872378
2023-09-27,2,39,weekday,Bank,Chinook_Adult_AD|UM|UNK_Kept|Released,catch,39,0.2,0.04646806704349387,0.6799349658525767,0,0,0,0,2,214.10437235543023,1.0045083558821384
2023-09-27,2,39,weekday,Boat,Chinook_Adult_AD|UM|UNK_Kept|Released,catch,39,10.055,0.9796024734177504,11.944258097828332,0.9750000000000004,3,7,13,35.10000000000002,148.6683811905981,1.0181194306361958
2023-09-28,1,39,weekday,Bank,Chinook_Adult_AD|UM|UNK_Kept|Released,catch,39,18.99,0.5701924643283174,9.22471554490555,5.9750000000000005,12,17,24,38.12500000000003,261.7357338441091,0.9985708449258304
2023-09-28,1,39,weekday,Boat,Chinook_Adult_AD|UM|UNK_Kept|Released,catch,39,2.05,0.18223370147719187,2.459215056368055,0,0,1,3,8,182.1107676929904,0.9939467698194582
2023-09-28,2,39,weekday,Bank,Chinook_Adult_AD|UM|UNK_Kept|Released,catch,39,0.195,0.03411221404835463,0.49821288662780494,0,0,0,0,1,213.30945056656677,0.9971497106090526
2023-09-28,2,39,weekday,Boat,Chinook_Adult_AD|UM|UNK_Kept|Released,catch,39,7.91,0.7531287680263888,7.373857121223675,1,3,6,11,24.075000000000017,95.8629881685921,1.0190440170857806
2023-09-29,1,39,weekday,Bank,Chinook_Adult_AD|UM|UNK_Kept|Released,catch,39,21.505,0.632983274530759,9.52067177014174,7,14.75,20,27,44,226.23027133690425,0.991697620500674
2023-09-29,1,39,weekday,Boat,Chinook_Adult_AD|UM|UNK_Kept|Released,catch,39,2.49,0.19256116492846467,2.933072548176114,0,1,2,3,10.050000000000011,232.01079977462751,0.9964295342128932
2023-09-29,2,39,weekday,Bank,Chinook_Adult_AD|UM|UNK_Kept|Released,catch,39,0.265,0.05727770162620511,0.7399409184617852,0,0,0,0,2.0250000000000057,166.88715959314044,1.005047667412605
2023-09-29,2,39,weekday,Boat,Chinook_Adult_AD|UM|UNK_Kept|Released,catch,39,12.175,0.7957018806855045,11.374147491384964,1,5,9.5,15.25,40.025000000000006,204.3322616578699,1.0013050405469204
2023-09-30,1,39,weekend,Bank,Chinook_Adult_AD|UM|UNK_Kept|Released,catch,39,40.285,1.050411680021641,15.05012646234786,17,29,38,48,79,205.28688931281417,0.9925092278148596
2023-09-30,1,39,weekend,Boat,Chinook_Adult_AD|UM|UNK_Kept|Released,catch,39,5.455,0.37333933526683655,5.9956412140687,0,2,4,7,22.075000000000017,257.9073818959436,0.9920958767275906
2023-09-30,2,39,weekend,Bank,Chinook_Adult_AD|UM|UNK_Kept|Released,catch,39,0.79,0.16939713540923013,2.0730139735837207,0,0,0,1,6,149.75879442032866,0.9980568901977244
2023-09-30,2,39,weekend,Boat,Chinook_Adult_AD|UM|UNK_Kept|Released,catch,39,43.505,2.9213312858751324,48.77452971319886,4.9750000000000005,16,28,53,160.25000000000006,278.75621670209455,0.9941461490201732
2023-10-01,1,39,weekend,Bank,Chinook_Adult_AD|UM|UNK_Kept|Released,catch,40,0,NA,0,0,0,0,0,0,NA,NA
2023-10-01,1,39,weekend,Boat,Chinook_Adult_AD|UM|UNK_Kept|Released,catch,40,0,NA,0,0,0,0,0,0,NA,NA
2023-10-01,2,39,weekend,Bank,Chinook_Adult_AD|UM|UNK_Kept|Released,catch,40,0,NA,0,0,0,0,0,0,NA,NA
2023-10-01,2,39,weekend,Boat,Chinook_Adult_AD|UM|UNK_Kept|Released,catch,40,0,NA,0,0,0,0,0,0,NA,NA
2023-10-02,1,40,weekday,Bank,Chinook_Adult_AD|UM|UNK_Kept|Released,catch,40,0,NA,0,0,0,0,0,0,NA,NA
2023-10-02,1,40,weekday,Boat,Chinook_Adult_AD|UM|UNK_Kept|Released,catch,40,0,NA,0,0,0,0,0,0,NA,NA
2023-10-02,2,40,weekday,Bank,Chinook_Adult_AD|UM|UNK_Kept|Released,catch,40,0,NA,0,0,0,0,0,0,NA,NA
2023-10-02,2,40,weekday,Boat,Chinook_Adult_AD|UM|UNK_Kept|Released,catch,40,0,NA,0,0,0,0,0,0,NA,NA
2023-10-03,1,40,weekday,Bank,Chinook_Adult_AD|UM|UNK_Kept|Released,catch,40,7.93,0.3850023260295618,4.722989854512621,1,5,7,10,19.02500000000001,150.4898878811968,1.003211666318415
2023-10-03,1,40,weekday,Boat,Chinook_Adult_AD|UM|UNK_Kept|Released,catch,40,2.725,0.2734736491607454,3.5015251522671944,0,1,2,4,12.025000000000006,163.93947089496,0.995885710428203
2023-10-03,2,40,weekday,Bank,Chinook_Adult_AD|UM|UNK_Kept|Released,catch,40,0.1,0.02803582813941006,0.3324947575813722,0,0,0,0,1,140.65100064634245,1.0057994464012845
2023-10-03,2,40,weekday,Boat,Chinook_Adult_AD|UM|UNK_Kept|Released,catch,40,7.555,0.5902207295162173,9.245233730613217,0,2,5,11,27.12500000000003,245.36175711741916,0.9906334298014028
2023-10-04,1,40,weekday,Bank,Chinook_Adult_AD|UM|UNK_Kept|Released,catch,40,5.61,0.36314198881466986,5.105706729340234,0,2,4,7,18.02500000000001,197.67820795570913,1.025782873633912
2023-10-04,1,40,weekday,Boat,Chinook_Adult_AD|UM|UNK_Kept|Released,catch,40,3.16,0.34324982803449744,4.227738029280091,0,1,2,4,14,151.70345798904853,0.9996022822464576
2023-10-04,2,40,weekday,Bank,Chinook_Adult_AD|UM|UNK_Kept|Released,catch,40,0.26,0.0377516428616607,0.5866179361518665,0,0,0,0,2,241.4565347465596,0.9938195220762426
2023-10-04,2,40,weekday,Boat,Chinook_Adult_AD|UM|UNK_Kept|Released,catch,40,15.115,1.0926169193701996,16.215935304167463,0,4,10,21,57.05000000000001,220.26635409219415,0.9933316449440454
2023-10-05,1,40,weekday,Bank,Chinook_Adult_AD|UM|UNK_Kept|Released,catch,40,3.725,0.21565841089779977,2.9568717341577915,0,2,3,5,11,187.9888841161926,1.0158041085000675
2023-10-05,1,40,weekday,Boat,Chinook_Adult_AD|UM|UNK_Kept|Released,catch,40,4.07,0.22274338538002408,4.203982318788153,0,1,3,6,16,356.21493941753243,0.9949928314180704
2023-10-05,2,40,weekday,Bank,Chinook_Adult_AD|UM|UNK_Kept|Released,catch,40,0.33,0.04635950795348619,0.6880896283794845,0,0,0,0,2,220.2989300217334,1.0048817015164289
2023-10-05,2,40,weekday,Boat,Chinook_Adult_AD|UM|UNK_Kept|Released,catch,40,29.815,2.505141431146629,40.60956115604344,1,9,18,33.25,114.025,262.77987005404117,0.9981320101830894
2023-10-06,1,40,weekday,Bank,Chinook_Adult_AD|UM|UNK_Kept|Released,catch,40,3.56,0.2305583777161288,3.0368589962021733,0,1,3,5,11,173.49519053504815,1.0110324298814453
2023-10-06,1,40,weekday,Boat,Chinook_Adult_AD|UM|UNK_Kept|Released,catch,40,3.785,0.2146102007136967,3.256038070968764,0,1,3,6,11.025000000000006,230.1856400132737,0.9995563634193204
2023-10-06,2,40,weekday,Bank,Chinook_Adult_AD|UM|UNK_Kept|Released,catch,40,0.31,0.05513384261138733,0.8168452612977091,0,0,0,0,2,219.5043158168417,1.0029419091444327
2023-10-06,2,40,weekday,Boat,Chinook_Adult_AD|UM|UNK_Kept|Released,catch,40,33.26,3.247601830654242,53.98783038005629,1,9,19,39,153.20000000000005,276.3542795857688,1.0001421233881955
2023-10-07,1,40,weekend,Bank,Chinook_Adult_AD|UM|UNK_Kept|Released,catch,40,4.185,0.31138832437794184,3.781836383578856,0,1,3,6,13,147.50298949757908,1.0374218007186298
2023-10-07,1,40,weekend,Boat,Chinook_Adult_AD|UM|UNK_Kept|Released,catch,40,4.08,0.21913154285034048,3.7111268250435456,0,1.75,3,6,12,286.814959745221,0.9981953303092148
2023-10-07,2,40,weekend,Bank,Chinook_Adult_AD|UM|UNK_Kept|Released,catch,40,0.535,0.08570879778083407,1.1292257319813626,0,0,0,1,4,173.58441301123088,1.0090786077259444
2023-10-07,2,40,weekend,Boat,Chinook_Adult_AD|UM|UNK_Kept|Released,catch,40,53.48,9.724495460100622,145.7736925759795,3,13,24,52.75,217.05000000000024,224.7109077610552,0.9985238545749148
2023-10-08,1,40,weekend,Bank,Chinook_Adult_AD|UM|UNK_Kept|Released,catch,41,0,NA,0,0,0,0,0,0,NA,NA
2023-10-08,1,40,weekend,Boat,Chinook_Adult_AD|UM|UNK_Kept|Released,catch,41,0,NA,0,0,0,0,0,0,NA,NA
2023-10-08,2,40,weekend,Bank,Chinook_Adult_AD|UM|UNK_Kept|Released,catch,41,0,NA,0,0,0,0,0,0,NA,NA
2023-10-08,2,40,weekend,Boat,Chinook_Adult_AD|UM|UNK_Kept|Released,catch,41,0,NA,0,0,0,0,0,0,NA,NA
2023-10-09,1,41,weekday,Bank,Chinook_Adult_AD|UM|UNK_Kept|Released,catch,41,0,NA,0,0,0,0,0,0,NA,NA
2023-10-09,1,41,weekday,Boat,Chinook_Adult_AD|UM|UNK_Kept|Released,catch,41,0,NA,0,0,0,0,0,0,NA,NA
2023-10-09,2,41,weekday,Bank,Chinook_Adult_AD|UM|UNK_Kept|Released,catch,41,0,NA,0,0,0,0,0,0,NA,NA
2023-10-09,2,41,weekday,Boat,Chinook_Adult_AD|UM|UNK_Kept|Released,catch,41,0,NA,0,0,0,0,0,0,NA,NA
2023-10-10,1,41,weekday,Bank,Chinook_Adult_AD|UM|UNK_Kept|Released,catch,41,1.22,0.10335699361809284,1.5632719198774687,0,0,1,2,5.025000000000006,228.76486152995295,1.001204272214951
2023-10-10,1,41,weekday,Boat,Chinook_Adult_AD|UM|UNK_Kept|Released,catch,41,0.865,0.0956893011069888,1.4201617149051766,0,0,0,1,4.025000000000006,220.26669531619063,0.9930091896503672
2023-10-10,2,41,weekday,Bank,Chinook_Adult_AD|UM|UNK_Kept|Released,catch,41,0.285,0.05237651622496323,0.7854039065871853,0,0,0,0,2,224.86035786698716,0.9930505511122988
2023-10-10,2,41,weekday,Boat,Chinook_Adult_AD|UM|UNK_Kept|Released,catch,41,31.45,15.955968036026642,229.2203247673124,0,4,8,19,70.15000000000003,206.37635217353684,1.0007053161640105
2023-10-11,1,41,weekday,Bank,Chinook_Adult_AD|UM|UNK_Kept|Released,catch,41,0.895,0.0743807060455545,1.1622085196797003,0,0,1,1,4,244.14482121622936,0.9986058883847134
2023-10-11,1,41,weekday,Boat,Chinook_Adult_AD|UM|UNK_Kept|Released,catch,41,0.535,0.05451683753458117,0.8558254412727213,0,0,0,1,3.0250000000000057,246.43879440983335,0.9932887469526588
2023-10-11,2,41,weekday,Bank,Chinook_Adult_AD|UM|UNK_Kept|Released,catch,41,0.235,0.06018652808620767,0.7567286111643816,0,0,0,0,2,158.08174682659168,0.9963321001203792
2023-10-11,2,41,weekday,Boat,Chinook_Adult_AD|UM|UNK_Kept|Released,catch,41,25.895,11.268698657574202,162.07286026715232,0,3,7,17,99.35000000000008,206.8583530295018,1.001619419631743
2023-10-12,1,41,weekday,Bank,Chinook_Adult_AD|UM|UNK_Kept|Released,catch,41,0.715,0.06092506066883705,0.9739186762454546,0,0,0,1,3,255.5367974161297,1.003327437015465
2023-10-12,1,41,weekday,Boat,Chinook_Adult_AD|UM|UNK_Kept|Released,catch,41,0.595,0.09284728994844282,1.1478513902375829,0,0,0,1,4,152.83853465081802,0.999030798852395
2023-10-12,2,41,weekday,Bank,Chinook_Adult_AD|UM|UNK_Kept|Released,catch,41,0.27,0.06987539125929672,1.0160026114792535,0,0,0,0,2,211.4176022745941,0.9988316311206556
2023-10-12,2,41,weekday,Boat,Chinook_Adult_AD|UM|UNK_Kept|Released,catch,41,30.255,16.70873328853301,239.83176677993248,0,2,6,15,97.62500000000014,206.02805386156408,0.9994090726434164
2023-10-13,1,41,weekday,Bank,Chinook_Adult_AD|UM|UNK_Kept|Released,catch,41,0.695,0.08768401580114997,1.0990973912155757,0,0,0,1,4,157.12000735386337,1.0059495166037888
2023-10-13,1,41,weekday,Boat,Chinook_Adult_AD|UM|UNK_Kept|Released,catch,41,0.61,0.08499351260811644,1.19794631636164,0,0,0,1,4,198.65667243599327,0.9940801993803589
2023-10-13,2,41,weekday,Bank,Chinook_Adult_AD|UM|UNK_Kept|Released,catch,41,0.27,0.06177254905865408,0.8780403031008012,0,0,0,0,2,202.04023084817013,0.9936628427852024
2023-10-13,2,41,weekday,Boat,Chinook_Adult_AD|UM|UNK_Kept|Released,catch,41,17.84,5.043324071573371,72.14735340270684,0,1.75,5,15,94.30000000000008,204.64778918145265,1.0027934843011868
2023-10-14,1,41,weekend,Bank,Chinook_Adult_AD|UM|UNK_Kept|Released,catch,41,0.995,0.08102655456612488,1.3166788583707123,0,0,1,2,4.025000000000006,264.0614357427312,0.9902843772990604
2023-10-14,1,41,weekend,Boat,Chinook_Adult_AD|UM|UNK_Kept|Released,catch,41,1.055,0.18393678922546824,2.2599806554070483,0,0,0,1,6,150.9635990429928,0.9975229899456456
2023-10-14,2,41,weekend,Bank,Chinook_Adult_AD|UM|UNK_Kept|Released,catch,41,0.575,0.11695912098301509,1.6516703894472664,0,0,0,0,4,199.42452884330223,1.0031248856683472
2023-10-14,2,41,weekend,Boat,Chinook_Adult_AD|UM|UNK_Kept|Released,catch,41,47.47,17.79937773245012,250.86379234867232,1,5,13,35.25,180,198.6398265624555,0.998820280444526
2023-10-15,1,41,weekend,Bank,Chinook_Adult_AD|UM|UNK_Kept|Released,catch,42,0,NA,0,0,0,0,0,0,NA,NA
2023-10-15,1,41,weekend,Boat,Chinook_Adult_AD|UM|UNK_Kept|Released,catch,42,0,NA,0,0,0,0,0,0,NA,NA
2023-10-15,2,41,weekend,Bank,Chinook_Adult_AD|UM|UNK_Kept|Released,catch,42,0,NA,0,0,0,0,0,0,NA,NA
2023-10-15,2,41,weekend,Boat,Chinook_Adult_AD|UM|UNK_Kept|Released,catch,42,0,NA,0,0,0,0,0,0,NA,NA
2023-08-01,1,31,weekday,Bank,Chinook_Adult_AD_Kept|Released,catch,31,0.935,0.12589316051497748,1.8186015390373296,0,0,0,1,6,208.6751986029033,1.0001771284043606
2023-08-01,1,31,weekday,Boat,Chinook_Adult_AD_Kept|Released,catch,31,2.505,0.3925146493994202,4.465386138603712,0,0,1,3,14.125000000000028,129.42146145264496,1.0056596880052189
2023-08-01,2,31,weekday,Bank,Chinook_Adult_AD_Kept|Released,catch,31,0.2,0.04977094032795859,0.6649895151627444,0,0,0,0,1.0250000000000057,178.5163110356205,0.9932603707760136
2023-08-01,2,31,weekday,Boat,Chinook_Adult_AD_Kept|Released,catch,31,3.265,0.30591601702503185,5.32508758509611,0,0,1.5,4,17.05000000000001,303.0044998722744,0.9975362192065202
2023-08-02,1,31,weekday,Bank,Chinook_Adult_AD_Kept|Released,catch,31,0.665,0.076270706298959,1.0856649306800614,0,0,0,1,4,202.61709410455703,1.0004567382259233
2023-08-02,1,31,weekday,Boat,Chinook_Adult_AD_Kept|Released,catch,31,1.93,0.2986512745209027,3.9040115948423257,0,0,1,2,11.050000000000011,170.88087246648425,0.9959081007778005
2023-08-02,2,31,weekday,Bank,Chinook_Adult_AD_Kept|Released,catch,31,0.235,0.07948571666811788,0.8622600897128184,0,0,0,0,2,117.67884067994936,1.0081902567992154
2023-08-02,2,31,weekday,Boat,Chinook_Adult_AD_Kept|Released,catch,31,2.575,0.31919013863045975,4.371489977469419,0,0,1,3,14.025000000000006,187.5685595805957,1.0059085542231037
2023-08-03,1,31,weekday,Bank,Chinook_Adult_AD_Kept|Released,catch,31,0.86,0.07343699270293676,1.0799218285500551,0,0,1,1,4,216.2493803065649,0.998323491383698
2023-08-03,1,31,weekday,Boat,Chinook_Adult_AD_Kept|Released,catch,31,2.545,0.23859619709395544,4.045963929720952,0,0,1,3,14,287.5523880784437,0.9911777174242596
2023-08-03,2,31,weekday,Bank,Chinook_Adult_AD_Kept|Released,catch,31,0.22,0.08701340419476677,1.2766161301341108,0,0,0,0,2,215.25256507495595,1.0017281572906986
2023-08-03,2,31,weekday,Boat,Chinook_Adult_AD_Kept|Released,catch,31,3.385,0.3704456983831954,5.4364094528184195,0,0,2,4,20.02500000000001,215.3650397957553,1.001756440028014
2023-08-04,1,31,weekday,Bank,Chinook_Adult_AD_Kept|Released,catch,31,0.85,0.0942880930592678,1.1808777929189138,0,0,1,1,4.025000000000006,156.85421958257115,0.9950652986981569
2023-08-04,1,31,weekday,Boat,Chinook_Adult_AD_Kept|Released,catch,31,2.055,0.17319602879536822,2.8658402260079026,0,0,1,3,11.050000000000011,273.79662401013894,0.994988201324528
2023-08-04,2,31,weekday,Bank,Chinook_Adult_AD_Kept|Released,catch,31,0.14,0.02531084994646354,0.401504707507588,0,0,0,0,1,251.63313300235157,1.0024493510386012
2023-08-04,2,31,weekday,Boat,Chinook_Adult_AD_Kept|Released,catch,31,2.585,0.3414944688056444,4.419324284964659,0,0,1,3,15,167.47284339330264,1.0041316040327324
2023-08-05,1,31,weekend,Bank,Chinook_Adult_AD_Kept|Released,catch,31,2.4,0.16918411720326162,2.594931278802686,0,1,2,3,9,235.2515766746119,0.9935281839225634
2023-08-05,1,31,weekend,Boat,Chinook_Adult_AD_Kept|Released,catch,31,3.65,0.2738516394551387,4.912040380892403,0,1,2,4,20,321.7311907350773,0.995686776482818
2023-08-05,2,31,weekend,Bank,Chinook_Adult_AD_Kept|Released,catch,31,0.33,0.1189086495682774,1.7075357659386814,0,0,0,0,2,206.21142552077433,1.0029722170532176
2023-08-05,2,31,weekend,Boat,Chinook_Adult_AD_Kept|Released,catch,31,8.98,0.8435568341013642,11.325676790985575,0,2,5,12,45.025000000000006,180.26010966289547,1.001110101839366
2023-08-06,1,31,weekend,Bank,Chinook_Adult_AD_Kept|Released,catch,32,0,NA,0,0,0,0,0,0,NA,NA
2023-08-06,1,31,weekend,Boat,Chinook_Adult_AD_Kept|Released,catch,32,0,NA,0,0,0,0,0,0,NA,NA
2023-08-06,2,31,weekend,Bank,Chinook_Adult_AD_Kept|Released,catch,32,0,NA,0,0,0,0,0,0,NA,NA
2023-08-06,2,31,weekend,Boat,Chinook_Adult_AD_Kept|Released,catch,32,0,NA,0,0,0,0,0,0,NA,NA
2023-08-07,1,32,weekday,Bank,Chinook_Adult_AD_Kept|Released,catch,32,0,NA,0,0,0,0,0,0,NA,NA
2023-08-07,1,32,weekday,Boat,Chinook_Adult_AD_Kept|Released,catch,32,0,NA,0,0,0,0,0,0,NA,NA
2023-08-07,2,32,weekday,Bank,Chinook_Adult_AD_Kept|Released,catch,32,0,NA,0,0,0,0,0,0,NA,NA
2023-08-07,2,32,weekday,Boat,Chinook_Adult_AD_Kept|Released,catch,32,0,NA,0,0,0,0,0,0,NA,NA
2023-08-08,1,32,weekday,Bank,Chinook_Adult_AD_Kept|Released,catch,32,0,NA,0,0,0,0,0,0,NA,NA
2023-08-08,1,32,weekday,Boat,Chinook_Adult_AD_Kept|Released,catch,32,0,NA,0,0,0,0,0,0,NA,NA
2023-08-08,2,32,weekday,Bank,Chinook_Adult_AD_Kept|Released,catch,32,0,NA,0,0,0,0,0,0,NA,NA
2023-08-08,2,32,weekday,Boat,Chinook_Adult_AD_Kept|Released,catch,32,0,NA,0,0,0,0,0,0,NA,NA
2023-08-09,1,32,weekday,Bank,Chinook_Adult_AD_Kept|Released,catch,32,2.575,0.11944546446922127,2.231428098053782,0,1,2,4,7.025000000000006,349.00083632082743,0.9915606087206392
2023-08-09,1,32,weekday,Boat,Chinook_Adult_AD_Kept|Released,catch,32,2.385,0.1935660967002269,3.2680538366735923,0,0,1,3,13,285.0491954980685,1.000930753204508
2023-08-09,2,32,weekday,Bank,Chinook_Adult_AD_Kept|Released,catch,32,0.17,0.03956363516873013,0.5122617107509672,0,0,0,0,1.0250000000000057,167.64531232275667,0.9983617301849592
2023-08-09,2,32,weekday,Boat,Chinook_Adult_AD_Kept|Released,catch,32,1.86,0.23301918579596465,3.243919708528077,0,0,1,2,10.050000000000011,193.8013650509876,0.9967657821726612
2023-08-10,1,32,weekday,Bank,Chinook_Adult_AD_Kept|Released,catch,32,2.04,0.11879286087273302,1.8481010218423324,0,1,2,3,7,242.0308529345147,0.9945931389075192
2023-08-10,1,32,weekday,Boat,Chinook_Adult_AD_Kept|Released,catch,32,1.845,0.12991002051708198,2.342737092681792,0,0,1,2,9,325.20843757832426,0.9937923349250718
2023-08-10,2,32,weekday,Bank,Chinook_Adult_AD_Kept|Released,catch,32,0.175,0.03516145599069779,0.5620985446248253,0,0,0,0,2,255.5590240559343,0.9939014035607356
2023-08-10,2,32,weekday,Boat,Chinook_Adult_AD_Kept|Released,catch,32,1.84,0.24910536275354572,3.4618378945352424,0,0,1,2,12,193.12891508368548,1.002709095146517
2023-08-11,1,32,weekday,Bank,Chinook_Adult_AD_Kept|Released,catch,32,2.49,0.15785235933173822,2.3231195453765507,0,1,2,4,8.025000000000006,216.59127736252543,0.9917841145367748
2023-08-11,1,32,weekday,Boat,Chinook_Adult_AD_Kept|Released,catch,32,1.25,0.15370416385975855,1.9638696289718391,0,0,1,2,7,163.25032038496354,0.9952228068821632
2023-08-11,2,32,weekday,Bank,Chinook_Adult_AD_Kept|Released,catch,32,0.19,0.04793724551247729,0.6371260850422042,0,0,0,0,1.0250000000000057,176.64633080823063,1.0040367016179836
2023-08-11,2,32,weekday,Boat,Chinook_Adult_AD_Kept|Released,catch,32,1.385,0.19034321448893,2.442664127587132,0,0,1,2,7.025000000000006,164.68449421825537,0.9950082774416656
2023-08-12,1,32,weekend,Bank,Chinook_Adult_AD_Kept|Released,catch,32,4.305,0.19538338438864897,3.0706873176888387,0,2,4,6,11.025000000000006,246.99942055578023,0.9943496637839508
2023-08-12,1,32,weekend,Boat,Chinook_Adult_AD_Kept|Released,catch,32,2.2,0.24616187690448263,3.1319395310463216,0,0,1,3,11.075000000000015,161.8770001919644,1.0015664151396473
2023-08-12,2,32,weekend,Bank,Chinook_Adult_AD_Kept|Released,catch,32,0.46,0.15924271278838573,1.8068546200761288,0,0,0,0,2.0250000000000057,128.74408536095052,1.0020836968739912
2023-08-12,2,32,weekend,Boat,Chinook_Adult_AD_Kept|Released,catch,32,3.2,0.3007782881533067,4.8287247710521735,0,1,2,4,16.025000000000006,257.73413270370753,0.9922647813059292
2023-08-13,1,32,weekend,Bank,Chinook_Adult_AD_Kept|Released,catch,33,0,NA,0,0,0,0,0,0,NA,NA
2023-08-13,1,32,weekend,Boat,Chinook_Adult_AD_Kept|Released,catch,33,0,NA,0,0,0,0,0,0,NA,NA
2023-08-13,2,32,weekend,Bank,Chinook_Adult_AD_Kept|Released,catch,33,0,NA,0,0,0,0,0,0,NA,NA
2023-08-13,2,32,weekend,Boat,Chinook_Adult_AD_Kept|Released,catch,33,0,NA,0,0,0,0,0,0,NA,NA
2023-08-14,1,33,weekday,Bank,Chinook_Adult_AD_Kept|Released,catch,33,0,NA,0,0,0,0,0,0,NA,NA
2023-08-14,1,33,weekday,Boat,Chinook_Adult_AD_Kept|Released,catch,33,0,NA,0,0,0,0,0,0,NA,NA
2023-08-14,2,33,weekday,Bank,Chinook_Adult_AD_Kept|Released,catch,33,0,NA,0,0,0,0,0,0,NA,NA
2023-08-14,2,33,weekday,Boat,Chinook_Adult_AD_Kept|Released,catch,33,0,NA,0,0,0,0,0,0,NA,NA
2023-08-15,1,33,weekday,Bank,Chinook_Adult_AD_Kept|Released,catch,33,0,NA,0,0,0,0,0,0,NA,NA
2023-08-15,1,33,weekday,Boat,Chinook_Adult_AD_Kept|Released,catch,33,0,NA,0,0,0,0,0,0,NA,NA
2023-08-15,2,33,weekday,Bank,Chinook_Adult_AD_Kept|Released,catch,33,0,NA,0,0,0,0,0,0,NA,NA
2023-08-15,2,33,weekday,Boat,Chinook_Adult_AD_Kept|Released,catch,33,0,NA,0,0,0,0,0,0,NA,NA
2023-08-16,1,33,weekday,Bank,Chinook_Adult_AD_Kept|Released,catch,33,5.48,0.26529005315205245,4.021250086889217,0,3,4,8,15.050000000000011,229.7630740350039,1.0055581245241794
2023-08-16,1,33,weekday,Boat,Chinook_Adult_AD_Kept|Released,catch,33,2,0.1767623316614102,2.1895136101989023,0,0,1,3,8,153.43196777549852,0.9928078982941138
2023-08-16,2,33,weekday,Bank,Chinook_Adult_AD_Kept|Released,catch,33,0.15,0.03532414251090865,0.5185019007733025,0,0,0,0,1.0250000000000057,215.455432661028,1.004723807145148
2023-08-16,2,33,weekday,Boat,Chinook_Adult_AD_Kept|Released,catch,33,1.46,0.16772437563270992,2.58297479545772,0,0,1,2,8,237.16356449225069,0.9909247351608512
2023-08-17,1,33,weekday,Bank,Chinook_Adult_AD_Kept|Released,catch,33,7.145,0.30380701048201375,5.101381722375511,1,4,6,9,23,281.9551693045365,0.9907983093875196
2023-08-17,1,33,weekday,Boat,Chinook_Adult_AD_Kept|Released,catch,33,3.615,0.3177280497638369,4.018396765230391,0,1,2,5,13.025000000000006,159.95378342946174,1.0019009392177196
2023-08-17,2,33,weekday,Bank,Chinook_Adult_AD_Kept|Released,catch,33,0.14,0.03002684916968324,0.4706458729113028,0,0,0,0,2,245.6795367658565,0.9953689656901622
2023-08-17,2,33,weekday,Boat,Chinook_Adult_AD_Kept|Released,catch,33,1.54,0.19716217315102735,2.395221373304705,0,0,1,2,8.025000000000006,147.58564715432854,1.0031890862670905
2023-08-18,1,33,weekday,Bank,Chinook_Adult_AD_Kept|Released,catch,33,12.15,0.3913420398070184,6.161764088588355,3,8,11,15,28,247.91175784096555,0.994944769955713
2023-08-18,1,33,weekday,Boat,Chinook_Adult_AD_Kept|Released,catch,33,5.405,0.33222433250740535,5.19189308141493,0,2,4,8,21.02500000000001,244.2241493156181,1.0121485866369213
2023-08-18,2,33,weekday,Bank,Chinook_Adult_AD_Kept|Released,catch,33,0.23,0.03505791633301091,0.527723850428951,0,0,0,0,2,226.59026355769868,0.9988410743613124
2023-08-18,2,33,weekday,Boat,Chinook_Adult_AD_Kept|Released,catch,33,2.63,0.26304547909948,3.840160695967588,0,0.75,1,3,13.025000000000006,213.12633290275565,0.993547278184202
2023-08-19,1,33,weekend,Bank,Chinook_Adult_AD_Kept|Released,catch,33,19.02,0.5752963559136033,10.71652084845998,4.9750000000000005,11.75,17,24,46.05000000000001,346.9959294665497,0.9923405480443146
2023-08-19,1,33,weekend,Boat,Chinook_Adult_AD_Kept|Released,catch,33,10.235,0.4340302837169686,8.132679594508485,1,4,8,13.25,28,351.09711414923066,0.993593903882068
2023-08-19,2,33,weekend,Bank,Chinook_Adult_AD_Kept|Released,catch,33,0.38,0.10398026962261885,1.1585817009555022,0,0,0,0,3,124.15135137624506,1.0048978945268348
2023-08-19,2,33,weekend,Boat,Chinook_Adult_AD_Kept|Released,catch,33,5.51,0.5188516604858069,7.662471359599553,0,1,4,7,19.02500000000001,218.09781095531957,0.9915347309364064
2023-08-20,1,33,weekend,Bank,Chinook_Adult_AD_Kept|Released,catch,34,0,NA,0,0,0,0,0,0,NA,NA
2023-08-20,1,33,weekend,Boat,Chinook_Adult_AD_Kept|Released,catch,34,0,NA,0,0,0,0,0,0,NA,NA
2023-08-20,2,33,weekend,Bank,Chinook_Adult_AD_Kept|Released,catch,34,0,NA,0,0,0,0,0,0,NA,NA
2023-08-20,2,33,weekend,Boat,Chinook_Adult_AD_Kept|Released,catch,34,0,NA,0,0,0,0,0,0,NA,NA
2023-08-21,1,34,weekday,Bank,Chinook_Adult_AD_Kept|Released,catch,34,0,NA,0,0,0,0,0,0,NA,NA
2023-08-21,1,34,weekday,Boat,Chinook_Adult_AD_Kept|Released,catch,34,0,NA,0,0,0,0,0,0,NA,NA
2023-08-21,2,34,weekday,Bank,Chinook_Adult_AD_Kept|Released,catch,34,0,NA,0,0,0,0,0,0,NA,NA
2023-08-21,2,34,weekday,Boat,Chinook_Adult_AD_Kept|Released,catch,34,0,NA,0,0,0,0,0,0,NA,NA
2023-08-22,1,34,weekday,Bank,Chinook_Adult_AD_Kept|Released,catch,34,0,NA,0,0,0,0,0,0,NA,NA
2023-08-22,1,34,weekday,Boat,Chinook_Adult_AD_Kept|Released,catch,34,0,NA,0,0,0,0,0,0,NA,NA
2023-08-22,2,34,weekday,Bank,Chinook_Adult_AD_Kept|Released,catch,34,0,NA,0,0,0,0,0,0,NA,NA
2023-08-22,2,34,weekday,Boat,Chinook_Adult_AD_Kept|Released,catch,34,0,NA,0,0,0,0,0,0,NA,NA
2023-08-23,1,34,weekday,Bank,Chinook_Adult_AD_Kept|Released,catch,34,44.26,1.17745418943859,16.711937177392258,19.975,31,43.5,54.25,82.025,201.44920148627867,0.9964175489177478
2023-08-23,1,34,weekday,Boat,Chinook_Adult_AD_Kept|Released,catch,34,5.555,0.49164308784738775,7.468996219212664,0,1,3,7,27,230.79404765586796,0.9919734033583189
2023-08-23,2,34,weekday,Bank,Chinook_Adult_AD_Kept|Released,catch,34,0.355,0.10921314918475136,1.337129228184143,0,0,0,0,3,149.8983677092188,0.9980564964193938
2023-08-23,2,34,weekday,Boat,Chinook_Adult_AD_Kept|Released,catch,34,2.59,0.3196093924642987,4.502584405833864,0,0,1,3,14.025000000000006,198.4653336532788,0.9925376270569164
2023-08-24,1,34,weekday,Bank,Chinook_Adult_AD_Kept|Released,catch,34,30.205,0.7666735817374515,11.90384317823703,12,21.75,29,36.25,57,241.0756779282769,0.9919215949672052
2023-08-24,1,34,weekday,Boat,Chinook_Adult_AD_Kept|Released,catch,34,5.365,0.3556150729548428,6.0989969518844225,0,1,3,7,23.02500000000001,294.1416413991619,0.9949329114873646
2023-08-24,2,34,weekday,Bank,Chinook_Adult_AD_Kept|Released,catch,34,0.24,0.06594762589064196,1.0037117045893449,0,0,0,0,2,231.64324813686204,0.9928549013040224
2023-08-24,2,34,weekday,Boat,Chinook_Adult_AD_Kept|Released,catch,34,2.03,0.3034871955738945,4.253180896540079,0,0,1,2,9.050000000000011,196.40247852868384,0.9971181163990098
2023-08-25,1,34,weekday,Bank,Chinook_Adult_AD_Kept|Released,catch,34,48.49,1.4899497416543248,18.780132236865928,22.975,35,44,57.25,96.12500000000004,158.87444756463472,0.9964300174649298
2023-08-25,1,34,weekday,Boat,Chinook_Adult_AD_Kept|Released,catch,34,7.79,0.7407648054059478,10.612683224619994,0,2,5,8.25,37.200000000000045,205.2530984708309,0.9947267275850498
2023-08-25,2,34,weekday,Bank,Chinook_Adult_AD_Kept|Released,catch,34,0.305,0.06414535727774756,0.8217978819600169,0,0,0,0,2.0250000000000057,164.13438732726067,0.9959521619109712
2023-08-25,2,34,weekday,Boat,Chinook_Adult_AD_Kept|Released,catch,34,3.005,0.3295625138543634,4.283305796077787,0,1,2,4,13,168.92057376853947,0.9938284662935352
2023-08-26,1,34,weekend,Bank,Chinook_Adult_AD_Kept|Released,catch,34,65.345,2.0681433508166047,26.85539117525342,30,46,59.5,80.25,134.05,168.6171285546224,0.9999863864824788
2023-08-26,1,34,weekend,Boat,Chinook_Adult_AD_Kept|Released,catch,34,15.505,2.677168825357244,26.81707951602568,1,4.75,9,18,59.17500000000004,100.33938646193148,1.0055740404094764
2023-08-26,2,34,weekend,Bank,Chinook_Adult_AD_Kept|Released,catch,34,0.69,0.18973420721959905,2.2086854591105616,0,0,0,1,5,135.51159905103592,1.0058796744351424
2023-08-26,2,34,weekend,Boat,Chinook_Adult_AD_Kept|Released,catch,34,6.525,0.6724821796213694,9.112329435369062,0,2,4,8,28.02500000000001,183.61039461470628,0.9919367057646566
2023-08-27,1,34,weekend,Bank,Chinook_Adult_AD_Kept|Released,catch,35,0,NA,0,0,0,0,0,0,NA,NA
2023-08-27,1,34,weekend,Boat,Chinook_Adult_AD_Kept|Released,catch,35,0,NA,0,0,0,0,0,0,NA,NA
2023-08-27,2,34,weekend,Bank,Chinook_Adult_AD_Kept|Released,catch,35,0,NA,0,0,0,0,0,0,NA,NA
2023-08-27,2,34,weekend,Boat,Chinook_Adult_AD_Kept|Released,catch,35,0,NA,0,0,0,0,0,0,NA,NA
2023-08-28,1,35,weekday,Bank,Chinook_Adult_AD_Kept|Released,catch,35,0,NA,0,0,0,0,0,0,NA,NA
2023-08-28,1,35,weekday,Boat,Chinook_Adult_AD_Kept|Released,catch,35,0,NA,0,0,0,0,0,0,NA,NA
2023-08-28,2,35,weekday,Bank,Chinook_Adult_AD_Kept|Released,catch,35,0,NA,0,0,0,0,0,0,NA,NA
2023-08-28,2,35,weekday,Boat,Chinook_Adult_AD_Kept|Released,catch,35,0,NA,0,0,0,0,0,0,NA,NA
2023-08-29,1,35,weekday,Bank,Chinook_Adult_AD_Kept|Released,catch,35,0,NA,0,0,0,0,0,0,NA,NA
2023-08-29,1,35,weekday,Boat,Chinook_Adult_AD_Kept|Released,catch,35,0,NA,0,0,0,0,0,0,NA,NA
2023-08-29,2,35,weekday,Bank,Chinook_Adult_AD_Kept|Released,catch,35,0,NA,0,0,0,0,0,0,NA,NA
2023-08-29,2,35,weekday,Boat,Chinook_Adult_AD_Kept|Released,catch,35,0,NA,0,0,0,0,0,0,NA,NA
2023-08-30,1,35,weekday,Bank,Chinook_Adult_AD_Kept|Released,catch,35,52,1.449272240615815,23.50515820647795,23,36,47,63,103.05,263.04279448056485,0.9977813870318072
2023-08-30,1,35,weekday,Boat,Chinook_Adult_AD_Kept|Released,catch,35,9.17,0.5228342592261159,9.43750137275773,0,3,6,12,38.05000000000001,325.8261830282554,0.9984968218344098
2023-08-30,2,35,weekday,Bank,Chinook_Adult_AD_Kept|Released,catch,35,0.535,0.17768905281625344,2.316377131443707,0,0,0,0,4.050000000000011,169.94061778648464,0.9938308056595492
2023-08-30,2,35,weekday,Boat,Chinook_Adult_AD_Kept|Released,catch,35,3.455,0.45106527626809306,4.810789276962428,0,1,2,4,19.02500000000001,113.75064742174074,1.0039439961887062
2023-08-31,1,35,weekday,Bank,Chinook_Adult_AD_Kept|Released,catch,35,0,NA,0,0,0,0,0,0,NA,NA
2023-08-31,1,35,weekday,Boat,Chinook_Adult_AD_Kept|Released,catch,35,0,NA,0,0,0,0,0,0,NA,NA
2023-08-31,2,35,weekday,Bank,Chinook_Adult_AD_Kept|Released,catch,35,0,NA,0,0,0,0,0,0,NA,NA
2023-08-31,2,35,weekday,Boat,Chinook_Adult_AD_Kept|Released,catch,35,0,NA,0,0,0,0,0,0,NA,NA
2023-09-01,1,35,weekday,Bank,Chinook_Adult_AD_Kept|Released,catch,35,49.91,1.2274339203826865,17.98972068296938,23,37,47,58.25,94.025,214.80906205784925,0.9940099839681704
2023-09-01,1,35,weekday,Boat,Chinook_Adult_AD_Kept|Released,catch,35,10.89,0.7801433224661257,10.705181199896296,1,4,8,13,43.12500000000003,188.2952022348763,1.0112388638189678
2023-09-01,2,35,weekday,Bank,Chinook_Adult_AD_Kept|Released,catch,35,0.825,0.42888517560410006,5.775913858821183,0,0,0,0,3.0250000000000057,181.3674491724078,1.0004761572788332
2023-09-01,2,35,weekday,Boat,Chinook_Adult_AD_Kept|Released,catch,35,7.86,0.784973744591655,8.680272788247612,0,2,5,10,34.025000000000006,122.2802971465602,1.005839187881635
2023-09-02,1,35,weekend,Bank,Chinook_Adult_AD_Kept|Released,catch,35,63.29,1.3558489232445383,22.39988110162271,29.975,47,59.5,76,117.07500000000002,272.94102936997103,0.9930600874184052
2023-09-02,1,35,weekend,Boat,Chinook_Adult_AD_Kept|Released,catch,35,9.55,0.697937155938359,10.265691506691246,0,4,6,12,41.12500000000003,216.34346420662263,1.004460324998422
2023-09-02,2,35,weekend,Bank,Chinook_Adult_AD_Kept|Released,catch,35,0.7,0.28481801031102083,3.326458572290632,0,0,0,0,5.025000000000006,136.40470221640456,1.002343463224658
2023-09-02,2,35,weekend,Boat,Chinook_Adult_AD_Kept|Released,catch,35,7.54,0.7199253336392226,8.943058283232109,0,2,5,9.25,30,154.31111508509792,1.0018138014012554
2023-09-03,1,35,weekend,Bank,Chinook_Adult_AD_Kept|Released,catch,36,0,NA,0,0,0,0,0,0,NA,NA
2023-09-03,1,35,weekend,Boat,Chinook_Adult_AD_Kept|Released,catch,36,0,NA,0,0,0,0,0,0,NA,NA
2023-09-03,2,35,weekend,Bank,Chinook_Adult_AD_Kept|Released,catch,36,0,NA,0,0,0,0,0,0,NA,NA
2023-09-03,2,35,weekend,Boat,Chinook_Adult_AD_Kept|Released,catch,36,0,NA,0,0,0,0,0,0,NA,NA
2023-09-04,1,36,weekday,Bank,Chinook_Adult_AD_Kept|Released,catch,36,0,NA,0,0,0,0,0,0,NA,NA
2023-09-04,1,36,weekday,Boat,Chinook_Adult_AD_Kept|Released,catch,36,0,NA,0,0,0,0,0,0,NA,NA
2023-09-04,2,36,weekday,Bank,Chinook_Adult_AD_Kept|Released,catch,36,0,NA,0,0,0,0,0,0,NA,NA
2023-09-04,2,36,weekday,Boat,Chinook_Adult_AD_Kept|Released,catch,36,0,NA,0,0,0,0,0,0,NA,NA
2023-09-05,1,36,weekday,Bank,Chinook_Adult_AD_Kept|Released,catch,36,58.11,3.523169911363408,60.03556651045408,9.975,24.75,45,74.5,158.17500000000004,290.3688666849519,0.995929022510286
2023-09-05,1,36,weekday,Boat,Chinook_Adult_AD_Kept|Released,catch,36,8.095,0.8324896365003134,11.32640331527628,0,2,5,10,29.075000000000017,185.10850472769727,0.9929161561018174
2023-09-05,2,36,weekday,Bank,Chinook_Adult_AD_Kept|Released,catch,36,0.865,0.5782566075660159,7.899925258853869,0,0,0,0,2,186.64001335230904,1.000296641005702
2023-09-05,2,36,weekday,Boat,Chinook_Adult_AD_Kept|Released,catch,36,10.75,1.017533798513052,14.834006157928725,0,3,7,15,36.05000000000001,212.5295009830393,0.9922732116746348
2023-09-06,1,36,weekday,Bank,Chinook_Adult_AD_Kept|Released,catch,36,57.71,2.539715647168529,49.12414690399443,15.925,31,48.5,69,152.4000000000001,374.1276909413591,0.9942179433517097
2023-09-06,1,36,weekday,Boat,Chinook_Adult_AD_Kept|Released,catch,36,8.425,0.7734383870818516,11.481003536758244,0,2,5,10,40.27500000000006,220.3475648693528,1.001296104303257
2023-09-06,2,36,weekday,Bank,Chinook_Adult_AD_Kept|Released,catch,36,1.03,0.7083337972713228,9.864361517133458,0,0,0,0,2.0250000000000057,193.93760688374417,0.999593341336388
2023-09-06,2,36,weekday,Boat,Chinook_Adult_AD_Kept|Released,catch,36,12.77,0.9093488495493424,13.380669323983346,1,4.75,9,16,49.10000000000002,216.51831212214603,1.0011826854408854
2023-09-07,1,36,weekday,Bank,Chinook_Adult_AD_Kept|Released,catch,36,62.29,1.2981931949132284,19.81791230783924,31.950000000000003,49.75,60,73,98.025,233.0435826743384,0.9950558657298736
2023-09-07,1,36,weekday,Boat,Chinook_Adult_AD_Kept|Released,catch,36,9.49,1.0299219690783394,16.059246463795386,0,3,6,11,33.375000000000085,243.13175360718728,0.9988523224950802
2023-09-07,2,36,weekday,Bank,Chinook_Adult_AD_Kept|Released,catch,36,0.865,0.5154562119496454,7.1745484686245735,0,0,0,0,3,193.73388700614208,0.9996367116756412
2023-09-07,2,36,weekday,Boat,Chinook_Adult_AD_Kept|Released,catch,36,15.93,0.8742508030334062,13.223821204031038,1,7,13,22,50.05000000000001,228.79253877403792,0.9984782717203606
2023-09-08,1,36,weekday,Bank,Chinook_Adult_AD_Kept|Released,catch,36,71.58,1.5161964882535346,26.29392424613159,32.975,54,67,85.25,133.07500000000002,300.7459876144782,0.9924063964561574
2023-09-08,1,36,weekday,Boat,Chinook_Adult_AD_Kept|Released,catch,36,10.205,0.927513193413858,13.24955579041109,0.9750000000000004,4,7,12.25,36.05000000000001,204.0621436172468,1.0057052115650902
2023-09-08,2,36,weekday,Bank,Chinook_Adult_AD_Kept|Released,catch,36,0.915,0.5788546029030925,7.948184900722957,0,0,0,0,2.0250000000000057,188.53715148218384,1.0002665436702485
2023-09-08,2,36,weekday,Boat,Chinook_Adult_AD_Kept|Released,catch,36,16.11,0.861037956773222,13.541223121198856,1.9750000000000003,6,12,23,49.025000000000006,247.32680929693663,0.9945995778053728
2023-09-09,1,36,weekend,Bank,Chinook_Adult_AD_Kept|Released,catch,36,69.71,2.1406570323993743,25.978845278611793,28.975,52,68,85,127.05,147.28058583518606,1.0024872373405305
2023-09-09,1,36,weekend,Boat,Chinook_Adult_AD_Kept|Released,catch,36,10.69,1.1274721014660625,17.60293203078402,0,3,7,12,41.150000000000034,243.75774040928528,1.0044325850394642
2023-09-09,2,36,weekend,Bank,Chinook_Adult_AD_Kept|Released,catch,36,0.99,0.6100007160940005,7.935664677224381,0,0,0,0,3,169.2411341422622,1.0022091496681722
2023-09-09,2,36,weekend,Boat,Chinook_Adult_AD_Kept|Released,catch,36,31.04,1.427772982145176,23.111449445618657,5,15.75,23.5,39,94.05,262.02096852126266,0.9900878471822344
2023-09-10,1,36,weekend,Bank,Chinook_Adult_AD_Kept|Released,catch,37,0,NA,0,0,0,0,0,0,NA,NA
2023-09-10,1,36,weekend,Boat,Chinook_Adult_AD_Kept|Released,catch,37,0,NA,0,0,0,0,0,0,NA,NA
2023-09-10,2,36,weekend,Bank,Chinook_Adult_AD_Kept|Released,catch,37,0,NA,0,0,0,0,0,0,NA,NA
2023-09-10,2,36,weekend,Boat,Chinook_Adult_AD_Kept|Released,catch,37,0,NA,0,0,0,0,0,0,NA,NA
2023-09-11,1,37,weekday,Bank,Chinook_Adult_AD_Kept|Released,catch,37,0,NA,0,0,0,0,0,0,NA,NA
2023-09-11,1,37,weekday,Boat,Chinook_Adult_AD_Kept|Released,catch,37,0,NA,0,0,0,0,0,0,NA,NA
2023-09-11,2,37,weekday,Bank,Chinook_Adult_AD_Kept|Released,catch,37,0,NA,0,0,0,0,0,0,NA,NA
2023-09-11,2,37,weekday,Boat,Chinook_Adult_AD_Kept|Released,catch,37,0,NA,0,0,0,0,0,0,NA,NA
2023-09-12,1,37,weekday,Bank,Chinook_Adult_AD_Kept|Released,catch,37,113.925,2.6072683389717612,39.676574041091186,58.95,84.75,109,137,206.20000000000005,231.57777039338748,0.9934476654463652
2023-09-12,1,37,weekday,Boat,Chinook_Adult_AD_Kept|Released,catch,37,5.95,0.494788452854536,7.038123036676539,0,2,4,8,27.100000000000023,202.33666985764188,1.0026177887829812
2023-09-12,2,37,weekday,Bank,Chinook_Adult_AD_Kept|Released,catch,37,0.455,0.30249089538384616,4.194753243501856,0,0,0,0,2,192.30395764692176,1.001391996032686
2023-09-12,2,37,weekday,Boat,Chinook_Adult_AD_Kept|Released,catch,37,13.41,0.8655450017260451,13.525405092438929,0.9750000000000004,4,9,16,43.22500000000005,244.18627902349184,0.9911623420877508
2023-09-13,1,37,weekday,Bank,Chinook_Adult_AD_Kept|Released,catch,37,85.04,3.102232557728287,53.22502150843026,19.975,51.5,74,100.75,245.17500000000004,294.3628427399843,0.9928953748803152
2023-09-13,1,37,weekday,Boat,Chinook_Adult_AD_Kept|Released,catch,37,5.635,0.5818607397396972,8.979696528766643,0,1,3,7,25.100000000000023,238.1689873493918,0.9927796155970828
2023-09-13,2,37,weekday,Bank,Chinook_Adult_AD_Kept|Released,catch,37,0.675,0.4841093192066148,6.8706187501600064,0,0,0,0,2,201.42103096451405,1.001559559313297
2023-09-13,2,37,weekday,Boat,Chinook_Adult_AD_Kept|Released,catch,37,11.95,0.8583359117988417,14.305619656933573,0,4,7,14,58,277.77859824010824,1.0007736801960423
2023-09-14,1,37,weekday,Bank,Chinook_Adult_AD_Kept|Released,catch,37,55.665,1.1043647154060396,20.161976626996115,24.975,41,52.5,66,104.05,333.304493752701,0.997871409172129
2023-09-14,1,37,weekday,Boat,Chinook_Adult_AD_Kept|Released,catch,37,4.62,0.485091442980691,7.542549320439097,0,1,3,5,22,241.76258460225932,0.9976053825372312
2023-09-14,2,37,weekday,Bank,Chinook_Adult_AD_Kept|Released,catch,37,0.33,0.1893123738913539,2.5893286997941938,0,0,0,0,2,187.07526422463033,1.0007810687696528
2023-09-14,2,37,weekday,Boat,Chinook_Adult_AD_Kept|Released,catch,37,10.49,0.8244808083159957,12.771273512679867,1,4,7,12,42.150000000000034,239.94257214636193,0.9987438346937042
2023-09-15,1,37,weekday,Bank,Chinook_Adult_AD_Kept|Released,catch,37,45.925,1.0392399811436492,17.338468428243193,19,34,44.5,54.25,85,278.34906784247306,1.0026787807251836
2023-09-15,1,37,weekday,Boat,Chinook_Adult_AD_Kept|Released,catch,37,4.75,0.3537376154937769,5.897576369592502,0,1,3,5,23.05000000000001,277.96150783757037,1.000498033165919
2023-09-15,2,37,weekday,Bank,Chinook_Adult_AD_Kept|Released,catch,37,0.41,0.1709161330818467,2.2127769678726636,0,0,0,0,3,167.6135667177289,1.0089909851208798
2023-09-15,2,37,weekday,Boat,Chinook_Adult_AD_Kept|Released,catch,37,15.39,0.6971074070686114,10.974520513558328,2,7,13,20,43.07500000000002,247.84017928874096,0.9983297383658036
2023-09-16,1,37,weekend,Bank,Chinook_Adult_AD_Kept|Released,catch,37,64.09,1.6396848187483597,24.578494910394767,29.975,49,59,74,127.12500000000004,224.69314257720575,0.9949480857598862
2023-09-16,1,37,weekend,Boat,Chinook_Adult_AD_Kept|Released,catch,37,8.63,0.6734862275409452,9.872712507781564,0,3,5.5,11,38.025000000000006,214.88967205696537,1.0087349049222956
2023-09-16,2,37,weekend,Bank,Chinook_Adult_AD_Kept|Released,catch,37,0.74,0.33407603826896237,4.580096771047616,0,0,0,0,7,187.95706493852956,1.0049009433758795
2023-09-16,2,37,weekend,Boat,Chinook_Adult_AD_Kept|Released,catch,37,26.75,1.8674993926676613,21.456687704214296,3,13,21,33,87,132.0092677169421,1.0272634008890198
2023-09-17,1,37,weekend,Bank,Chinook_Adult_AD_Kept|Released,catch,38,0,NA,0,0,0,0,0,0,NA,NA
2023-09-17,1,37,weekend,Boat,Chinook_Adult_AD_Kept|Released,catch,38,0,NA,0,0,0,0,0,0,NA,NA
2023-09-17,2,37,weekend,Bank,Chinook_Adult_AD_Kept|Released,catch,38,0,NA,0,0,0,0,0,0,NA,NA
2023-09-17,2,37,weekend,Boat,Chinook_Adult_AD_Kept|Released,catch,38,0,NA,0,0,0,0,0,0,NA,NA
2023-09-18,1,38,weekday,Bank,Chinook_Adult_AD_Kept|Released,catch,38,0,NA,0,0,0,0,0,0,NA,NA
2023-09-18,1,38,weekday,Boat,Chinook_Adult_AD_Kept|Released,catch,38,0,NA,0,0,0,0,0,0,NA,NA
2023-09-18,2,38,weekday,Bank,Chinook_Adult_AD_Kept|Released,catch,38,0,NA,0,0,0,0,0,0,NA,NA
2023-09-18,2,38,weekday,Boat,Chinook_Adult_AD_Kept|Released,catch,38,0,NA,0,0,0,0,0,0,NA,NA
2023-09-19,1,38,weekday,Bank,Chinook_Adult_AD_Kept|Released,catch,38,56.005,1.4252054144291542,24.68016465986787,22.975,36.75,52,70.25,109.05,299.87563358865043,0.9955891550164534
2023-09-19,1,38,weekday,Boat,Chinook_Adult_AD_Kept|Released,catch,38,5.44,0.8074343636896,9.323143516278488,0,1,3,5,36.025000000000006,133.3245977018895,1.0133024781989806
2023-09-19,2,38,weekday,Bank,Chinook_Adult_AD_Kept|Released,catch,38,0.425,0.23603938816765235,3.0464370819815665,0,0,0,0,2.0500000000000114,166.57716468211825,1.0070560364897811
2023-09-19,2,38,weekday,Boat,Chinook_Adult_AD_Kept|Released,catch,38,11.32,1.3298082377798222,15.48828703168557,1,4,7,13,47.57500000000013,135.65279268596984,1.0166802981164806
2023-09-20,1,38,weekday,Bank,Chinook_Adult_AD_Kept|Released,catch,38,46.62,1.7658180251514404,29.583806517082973,10,28,42,57,125.05,280.68306838487115,1.003204862783189
2023-09-20,1,38,weekday,Boat,Chinook_Adult_AD_Kept|Released,catch,38,5.705,0.8315008473715296,12.66610143762242,0,1,3,6,31.02500000000001,232.03875751263308,0.998919497529986
2023-09-20,2,38,weekday,Bank,Chinook_Adult_AD_Kept|Released,catch,38,0.31,0.1200139042673323,1.743300168469829,0,0,0,0,2,210.99939767409535,0.9996690505453104
2023-09-20,2,38,weekday,Boat,Chinook_Adult_AD_Kept|Released,catch,38,9.515,0.7524466676654417,10.534450542918982,0,3,6,13,42.025000000000006,196.007338099556,0.9975192435411708
2023-09-21,1,38,weekday,Bank,Chinook_Adult_AD_Kept|Released,catch,38,32.395,0.8760910158117842,12.559765665323503,12,23.75,30.5,39,62.07500000000002,205.52498242425335,1.0076798722612603
2023-09-21,1,38,weekday,Boat,Chinook_Adult_AD_Kept|Released,catch,38,4.55,0.41551970287186224,6.369485988586047,0,1,3,6,19,234.97709466520428,1.0182761646331404
2023-09-21,2,38,weekday,Bank,Chinook_Adult_AD_Kept|Released,catch,38,0.32,0.1805968615218786,2.384539819494271,0,0,0,0,2,174.3366758363653,1.0063628080207196
2023-09-21,2,38,weekday,Boat,Chinook_Adult_AD_Kept|Released,catch,38,7.92,0.6629721072654267,8.757687219074205,0,2,6,10.25,25.12500000000003,174.4971533530922,0.9933773249031846
2023-09-22,1,38,weekday,Bank,Chinook_Adult_AD_Kept|Released,catch,38,23.59,0.6306482618849188,9.018233902132271,9.975,17,23,28,44,204.48835638549895,0.992934450769306
2023-09-22,1,38,weekday,Boat,Chinook_Adult_AD_Kept|Released,catch,38,4.675,0.3616545084351934,5.921545279102602,0,1,3,6,20.02500000000001,268.0910662844254,0.9968923285063196
2023-09-22,2,38,weekday,Bank,Chinook_Adult_AD_Kept|Released,catch,38,0.38,0.1831548296683028,2.541237778570943,0,0,0,0,3,192.5102489555484,1.010564731565636
2023-09-22,2,38,weekday,Boat,Chinook_Adult_AD_Kept|Released,catch,38,9.43,0.6235749770572778,9.578299384310212,0,3,7,13,35,235.93884881285717,0.9966891482698156
2023-09-23,1,38,weekend,Bank,Chinook_Adult_AD_Kept|Released,catch,38,23.61,0.7993173644032984,10.235316728988584,8.975000000000001,17,23,28,51.025000000000006,163.96987940080032,0.997381630657416
2023-09-23,1,38,weekend,Boat,Chinook_Adult_AD_Kept|Released,catch,38,8.5,0.8745898031593551,11.872860822927349,0,2,5,10,37.10000000000002,184.2900698375913,1.013348431080679
2023-09-23,2,38,weekend,Bank,Chinook_Adult_AD_Kept|Released,catch,38,0.705,0.4121437990559071,5.829053467039742,0,0,0,0,3,200.0315673042046,1.0055330175661032
2023-09-23,2,38,weekend,Boat,Chinook_Adult_AD_Kept|Released,catch,38,19.12,1.8220010169775815,22.71066869032722,0.9750000000000004,6,12,22,89.4250000000001,155.36837138331111,0.9982973868574984
2023-09-24,1,38,weekend,Bank,Chinook_Adult_AD_Kept|Released,catch,39,0,NA,0,0,0,0,0,0,NA,NA
2023-09-24,1,38,weekend,Boat,Chinook_Adult_AD_Kept|Released,catch,39,0,NA,0,0,0,0,0,0,NA,NA
2023-09-24,2,38,weekend,Bank,Chinook_Adult_AD_Kept|Released,catch,39,0,NA,0,0,0,0,0,0,NA,NA
2023-09-24,2,38,weekend,Boat,Chinook_Adult_AD_Kept|Released,catch,39,0,NA,0,0,0,0,0,0,NA,NA
2023-09-25,1,39,weekday,Bank,Chinook_Adult_AD_Kept|Released,catch,39,0,NA,0,0,0,0,0,0,NA,NA
2023-09-25,1,39,weekday,Boat,Chinook_Adult_AD_Kept|Released,catch,39,0,NA,0,0,0,0,0,0,NA,NA
2023-09-25,2,39,weekday,Bank,Chinook_Adult_AD_Kept|Released,catch,39,0,NA,0,0,0,0,0,0,NA,NA
2023-09-25,2,39,weekday,Boat,Chinook_Adult_AD_Kept|Released,catch,39,0,NA,0,0,0,0,0,0,NA,NA
2023-09-26,1,39,weekday,Bank,Chinook_Adult_AD_Kept|Released,catch,39,14.41,0.5067219913714597,8.349278547354048,3,8,13,19,38.025000000000006,271.4928488945473,1.0050321808556169
2023-09-26,1,39,weekday,Boat,Chinook_Adult_AD_Kept|Released,catch,39,2.02,0.20923211830476487,2.5261645903797407,0,0,1,3,8.075000000000017,145.76947265184737,1.0076614408485811
2023-09-26,2,39,weekday,Bank,Chinook_Adult_AD_Kept|Released,catch,39,0.25,0.10525559399755696,1.358945793010784,0,0,0,0,2,166.69166864134272,1.0087257865555983
2023-09-26,2,39,weekday,Boat,Chinook_Adult_AD_Kept|Released,catch,39,4.645,0.4649774747837738,6.0258217396626454,0,1,3,7,17.025000000000006,167.9456388205733,0.996038154846989
2023-09-27,1,39,weekday,Bank,Chinook_Adult_AD_Kept|Released,catch,39,12.49,0.5268266810558699,9.939004934875392,2,6,10,16,39.10000000000002,355.91827609722196,0.9921817141402776
2023-09-27,1,39,weekday,Boat,Chinook_Adult_AD_Kept|Released,catch,39,1.65,0.12903947357680537,2.0218654006863224,0,0,1,2,6.025000000000006,245.5044200505148,0.9950870394370036
2023-09-27,2,39,weekday,Bank,Chinook_Adult_AD_Kept|Released,catch,39,0.215,0.05648949977254012,0.6330710027100924,0,0,0,0,2,125.59414247104448,1.0158962534334464
2023-09-27,2,39,weekday,Boat,Chinook_Adult_AD_Kept|Released,catch,39,4.555,0.49109887567498495,5.998909029793558,0,1,3,5.25,21.02500000000001,149.21300358046997,0.9985176629557084
2023-09-28,1,39,weekday,Bank,Chinook_Adult_AD_Kept|Released,catch,39,9.415,0.4087914239535442,6.255271144037414,1,5,8,13,22.075000000000017,234.14706959914673,1.008999367042132
2023-09-28,1,39,weekday,Boat,Chinook_Adult_AD_Kept|Released,catch,39,1.255,0.1731606305189772,1.8808677031048504,0,0,1,2,5.025000000000006,117.98265940407757,1.006472707308257
2023-09-28,2,39,weekday,Bank,Chinook_Adult_AD_Kept|Released,catch,39,0.11,0.0378029407728221,0.42284035976860845,0,0,0,0,1,125.1127861686328,1.0193697891054323
2023-09-28,2,39,weekday,Boat,Chinook_Adult_AD_Kept|Released,catch,39,3.78,0.33787190833033337,3.9813131340497177,0,1,2,5,15,138.85083753054877,0.9919873607407962
2023-09-29,1,39,weekday,Bank,Chinook_Adult_AD_Kept|Released,catch,39,11.535,0.43487083150603706,6.466673358196473,2,7,10,15,25.05000000000001,221.1267544076156,1.001066308022659
2023-09-29,1,39,weekday,Boat,Chinook_Adult_AD_Kept|Released,catch,39,1.605,0.19901807542617017,2.772618268045839,0,0,1,2,7.025000000000006,194.08640527973208,1.016012855946914
2023-09-29,2,39,weekday,Bank,Chinook_Adult_AD_Kept|Released,catch,39,0.195,0.05121127063299961,0.5905239986358083,0,0,0,0,2,132.96703991283738,1.0198886443872466
2023-09-29,2,39,weekday,Boat,Chinook_Adult_AD_Kept|Released,catch,39,6.275,0.5857852418874857,6.844972112147747,0,2,5,8,26.02500000000001,136.54207994069426,1.009619588971259
2023-09-30,1,39,weekend,Bank,Chinook_Adult_AD_Kept|Released,catch,39,21.36,0.617891042163044,8.907700919900261,7,15.75,20,26,44.025000000000006,207.8296258387944,0.9915788827539748
2023-09-30,1,39,weekend,Boat,Chinook_Adult_AD_Kept|Released,catch,39,4.205,0.32122047426381267,4.439767185711046,0,1,3,5,16,191.03544574457624,1.005816664595847
2023-09-30,2,39,weekend,Bank,Chinook_Adult_AD_Kept|Released,catch,39,0.455,0.13978985269793348,1.5685268189959485,0,0,0,0,4.025000000000006,125.9019924372308,1.0271300017465228
2023-09-30,2,39,weekend,Boat,Chinook_Adult_AD_Kept|Released,catch,39,17.72,1.49417871701506,16.32156756684835,1.9750000000000003,7,13.5,24,50.10000000000002,119.32148298129312,1.0092538794502135
2023-10-01,1,39,weekend,Bank,Chinook_Adult_AD_Kept|Released,catch,40,0,NA,0,0,0,0,0,0,NA,NA
2023-10-01,1,39,weekend,Boat,Chinook_Adult_AD_Kept|Released,catch,40,0,NA,0,0,0,0,0,0,NA,NA
2023-10-01,2,39,weekend,Bank,Chinook_Adult_AD_Kept|Released,catch,40,0,NA,0,0,0,0,0,0,NA,NA
2023-10-01,2,39,weekend,Boat,Chinook_Adult_AD_Kept|Released,catch,40,0,NA,0,0,0,0,0,0,NA,NA
2023-10-02,1,40,weekday,Bank,Chinook_Adult_AD_Kept|Released,catch,40,0,NA,0,0,0,0,0,0,NA,NA
2023-10-02,1,40,weekday,Boat,Chinook_Adult_AD_Kept|Released,catch,40,0,NA,0,0,0,0,0,0,NA,NA
2023-10-02,2,40,weekday,Bank,Chinook_Adult_AD_Kept|Released,catch,40,0,NA,0,0,0,0,0,0,NA,NA
2023-10-02,2,40,weekday,Boat,Chinook_Adult_AD_Kept|Released,catch,40,0,NA,0,0,0,0,0,0,NA,NA
2023-10-03,1,40,weekday,Bank,Chinook_Adult_AD_Kept|Released,catch,40,6.29,0.3222466643785406,4.4592966522946,0,3,5,8,17,191.4943072718048,0.994106296630324
2023-10-03,1,40,weekday,Boat,Chinook_Adult_AD_Kept|Released,catch,40,1.365,0.1148377218283254,1.7018390879889425,0,0,1,2,6.025000000000006,219.61795948256847,1.0035253506687425
2023-10-03,2,40,weekday,Bank,Chinook_Adult_AD_Kept|Released,catch,40,0.14,0.03088265514676916,0.4374434636837062,0,0,0,0,1.0250000000000057,200.63865116873168,0.996930888295072
2023-10-03,2,40,weekday,Boat,Chinook_Adult_AD_Kept|Released,catch,40,2.935,0.29892159027833365,3.712098243154964,0,1,2,4,14,154.21419637651448,0.9924237816368116
2023-10-04,1,40,weekday,Bank,Chinook_Adult_AD_Kept|Released,catch,40,5.13,0.3065633486473462,4.065184945757829,0,2,4,7,16,175.8410039459523,0.9981282073530096
2023-10-04,1,40,weekday,Boat,Chinook_Adult_AD_Kept|Released,catch,40,2.135,0.1997083398954933,2.9462138210586457,0,0,1,3,9,217.638699403799,1.0009579093654335
2023-10-04,2,40,weekday,Bank,Chinook_Adult_AD_Kept|Released,catch,40,0.185,0.03433493311852618,0.5216662519197114,0,0,0,0,2,230.84106656689676,0.9999825020341372
2023-10-04,2,40,weekday,Boat,Chinook_Adult_AD_Kept|Released,catch,40,6.27,0.5198308457085205,6.829370505949848,0,2,5,9,25.02500000000001,172.59859539120671,0.9920515825347226
2023-10-05,1,40,weekday,Bank,Chinook_Adult_AD_Kept|Released,catch,40,3.325,0.19859169842105776,2.6121815523258634,0,1,3,5,10,173.01531031546088,0.993057662984672
2023-10-05,1,40,weekday,Boat,Chinook_Adult_AD_Kept|Released,catch,40,2.31,0.16899535888788764,2.846826673781311,0,0,1,3,11,283.773931565476,0.994463133284038
2023-10-05,2,40,weekday,Bank,Chinook_Adult_AD_Kept|Released,catch,40,0.27,0.07753582258921783,1.0643137784955512,0,0,0,0,2,188.4232852043025,1.0103296923389482
2023-10-05,2,40,weekday,Boat,Chinook_Adult_AD_Kept|Released,catch,40,11.61,1.104721790511166,15.8027381381619,0,4,7,12,67.05000000000001,204.6250724699245,0.997237092992082
2023-10-06,1,40,weekday,Bank,Chinook_Adult_AD_Kept|Released,catch,40,3.53,0.18111605333448852,2.8635817611013943,0,1,3,5,10,249.9800112533144,1.004869018127395
2023-10-06,1,40,weekday,Boat,Chinook_Adult_AD_Kept|Released,catch,40,2.37,0.17372890832940902,2.500874219007522,0,1,2,3,9.025000000000006,207.22374481192597,1.0002906029397662
2023-10-06,2,40,weekday,Bank,Chinook_Adult_AD_Kept|Released,catch,40,0.275,0.07973285539376047,0.976803833245558,0,0,0,0,2.0500000000000114,150.08596288207278,1.0100053154127897
2023-10-06,2,40,weekday,Boat,Chinook_Adult_AD_Kept|Released,catch,40,10.07,0.8129638564061424,12.074521537177311,0,3,6,12,45.17500000000004,220.5958741925788,1.0008809764407598
2023-10-07,1,40,weekend,Bank,Chinook_Adult_AD_Kept|Released,catch,40,3.895,0.2816163276292196,3.965171867611604,0,1,3,5,15.025000000000006,198.24779738065928,0.994632131119112
2023-10-07,1,40,weekend,Boat,Chinook_Adult_AD_Kept|Released,catch,40,2.985,0.2166995433085232,3.490802703904639,0,1,2,4,14.050000000000011,259.498358672155,0.9943273701374644
2023-10-07,2,40,weekend,Bank,Chinook_Adult_AD_Kept|Released,catch,40,0.475,0.13188487509478317,1.8913649321409824,0,0,0,0,4,205.6651375159456,1.0098252235027638
2023-10-07,2,40,weekend,Boat,Chinook_Adult_AD_Kept|Released,catch,40,14.27,1.1153161594028704,16.115384827570935,0,4,8,20,58.07500000000002,208.77830735400377,0.9988652529569432
2023-10-08,1,40,weekend,Bank,Chinook_Adult_AD_Kept|Released,catch,41,0,NA,0,0,0,0,0,0,NA,NA
2023-10-08,1,40,weekend,Boat,Chinook_Adult_AD_Kept|Released,catch,41,0,NA,0,0,0,0,0,0,NA,NA
2023-10-08,2,40,weekend,Bank,Chinook_Adult_AD_Kept|Released,catch,41,0,NA,0,0,0,0,0,0,NA,NA
2023-10-08,2,40,weekend,Boat,Chinook_Adult_AD_Kept|Released,catch,41,0,NA,0,0,0,0,0,0,NA,NA
2023-10-09,1,41,weekday,Bank,Chinook_Adult_AD_Kept|Released,catch,41,0,NA,0,0,0,0,0,0,NA,NA
2023-10-09,1,41,weekday,Boat,Chinook_Adult_AD_Kept|Released,catch,41,0,NA,0,0,0,0,0,0,NA,NA
2023-10-09,2,41,weekday,Bank,Chinook_Adult_AD_Kept|Released,catch,41,0,NA,0,0,0,0,0,0,NA,NA
2023-10-09,2,41,weekday,Boat,Chinook_Adult_AD_Kept|Released,catch,41,0,NA,0,0,0,0,0,0,NA,NA
2023-10-10,1,41,weekday,Bank,Chinook_Adult_AD_Kept|Released,catch,41,1.115,0.10700718318252092,1.5176598621846833,0,0,1,2,5,201.15138761300076,0.9972819889788364
2023-10-10,1,41,weekday,Boat,Chinook_Adult_AD_Kept|Released,catch,41,0.65,0.06410016109066641,0.9602658760800672,0,0,0,1,3,224.42164958752377,0.9965388509693272
2023-10-10,2,41,weekday,Bank,Chinook_Adult_AD_Kept|Released,catch,41,0.21,0.06858511383429206,1.01044793291175,0,0,0,0,2,217.05417907529164,0.9981372591851
2023-10-10,2,41,weekday,Boat,Chinook_Adult_AD_Kept|Released,catch,41,7.175,0.7955057097999447,12.062832779797905,0,1,3,8,50.12500000000003,229.93866873875749,1.0080659716070508
2023-10-11,1,41,weekday,Bank,Chinook_Adult_AD_Kept|Released,catch,41,0.81,0.10982544783384394,1.225319156455117,0,0,0,1,4,124.47796530498545,0.9926516765202276
2023-10-11,1,41,weekday,Boat,Chinook_Adult_AD_Kept|Released,catch,41,0.42,0.05804027303096824,0.7459101216284296,0,0,0,1,3,165.16351129085714,0.9949819490801164
2023-10-11,2,41,weekday,Bank,Chinook_Adult_AD_Kept|Released,catch,41,0.195,0.05085968257053833,0.7346246434977327,0,0,0,0,1,208.63333261652815,0.994983350811997
2023-10-11,2,41,weekday,Boat,Chinook_Adult_AD_Kept|Released,catch,41,6.76,0.8127538323561883,12.631714096076792,0,1,3,6,45,241.54971130196705,0.9991031692134972
2023-10-12,1,41,weekday,Bank,Chinook_Adult_AD_Kept|Released,catch,41,0.72,0.10645740610481094,1.1393377252866277,0,0,0,1,4,114.53894941846444,1.0031010727878769
2023-10-12,1,41,weekday,Boat,Chinook_Adult_AD_Kept|Released,catch,41,0.425,0.05233663500619942,0.817137422860559,0,0,0,1,3,243.76907468660528,0.99622241463824
2023-10-12,2,41,weekday,Bank,Chinook_Adult_AD_Kept|Released,catch,41,0.195,0.06593684672442574,0.9755683821966088,0,0,0,0,1.0250000000000057,218.90671545380496,0.9958913998729828
2023-10-12,2,41,weekday,Boat,Chinook_Adult_AD_Kept|Released,catch,41,6.015,0.7639654195467428,10.854671550644074,0,1,3,6,37.150000000000034,201.8765953077708,1.0135412618792767
2023-10-13,1,41,weekday,Bank,Chinook_Adult_AD_Kept|Released,catch,41,0.76,0.10147540229088942,1.1440912217205803,0,0,0,1,4.025000000000006,127.1158609797124,1.0042407074522053
2023-10-13,1,41,weekday,Boat,Chinook_Adult_AD_Kept|Released,catch,41,0.49,0.06433563111424369,0.9510110990691768,0,0,0,1,3,218.50835112221955,1.010386128345026
2023-10-13,2,41,weekday,Bank,Chinook_Adult_AD_Kept|Released,catch,41,0.09,0.02767424229873611,0.4033776987380388,0,0,0,0,1,212.4576091564222,0.9911739214558952
2023-10-13,2,41,weekday,Boat,Chinook_Adult_AD_Kept|Released,catch,41,5.11,0.5970883698406044,8.877043964504102,0,1,2,6,27.22500000000005,221.03422109857297,0.9976116119750604
2023-10-14,1,41,weekend,Bank,Chinook_Adult_AD_Kept|Released,catch,41,0.98,0.091560126924112,1.4698306059033643,0,0,1,1,4.025000000000006,257.7043803708868,0.9942045755698826
2023-10-14,1,41,weekend,Boat,Chinook_Adult_AD_Kept|Released,catch,41,0.825,0.09396465217753412,1.5480170489757528,0,0,0,1,5.025000000000006,271.40788322842434,0.9930244496234548
2023-10-14,2,41,weekend,Bank,Chinook_Adult_AD_Kept|Released,catch,41,0.255,0.08003358991393786,1.1208283907035168,0,0,0,0,2,196.12531358400312,1.0034772563771948
2023-10-14,2,41,weekend,Boat,Chinook_Adult_AD_Kept|Released,catch,41,11.21,1.1593155988106276,17.062872209572486,0,2,5,13,60.27500000000006,216.62118015332115,1.0084924103813575
2023-10-15,1,41,weekend,Bank,Chinook_Adult_AD_Kept|Released,catch,42,0,NA,0,0,0,0,0,0,NA,NA
2023-10-15,1,41,weekend,Boat,Chinook_Adult_AD_Kept|Released,catch,42,0,NA,0,0,0,0,0,0,NA,NA
2023-10-15,2,41,weekend,Bank,Chinook_Adult_AD_Kept|Released,catch,42,0,NA,0,0,0,0,0,0,NA,NA
2023-10-15,2,41,weekend,Boat,Chinook_Adult_AD_Kept|Released,catch,42,0,NA,0,0,0,0,0,0,NA,NA
